,单词,词根,释义
0,abandon,don 给 ,"vt.放弃,遗弃;n.放任,狂热"
1,ability,it 走 ,"n.能力,才干"
2,abolish,"bol 抛 , 舞 , 球 ","vt.废止,废除(法律、制度、习俗等)"
3,abortion,ort 升起 ,"n.流产,堕胎,失败,夭折,中止,早产"
4,abrupt,rupt 破 ,"adj.突然的,陡峭的,生硬的"
5,absent,sent 存在 ,"adj.不在的,缺席的,缺少的;vt.缺席"
6,absolute,sol 单独，太阳 ,"adj.完全的,绝对的"
7,absorb,orb 圆 ,"vt.吸收,吸引"
8,abstract,tra 拖，拉，拽,"n.摘要,概要,抽象;adj.抽象的,深奥的,理论的;vt.摘要,提炼,抽象化"
9,absurd,su 跟随 ,"adj.荒谬的,可笑的"
10,abundant,un 整体；联合 ,"adj.丰富的,充裕的,丰富,盛产,富于"
11,abuse,us 使用 ,"n.滥用,虐待,辱骂,陋习;v.滥用,虐待,辱骂"
12,academy,cad 降落 ,"n.(高等)专科院校,研究院,学会,学术团体,学院"
13,accent,cent 百 ,"n.重音,口音,重音符"
14,acceptance,"cept 拿 , 抓","n.接受,承诺,容忍,赞同,相信"
15,access,ess 存在 ,"n.通路,访问,入门;vt.存取,接近"
16,accident,ident 相同 ,"n.意外事件,事故"
17,accidental,cid 降落 ,"adj.意外的,非主要的,附属的;n.非本质属性,次要方面"
18,accommodate,mod 量器 ,"vt.供应,供给,使适应,调节,和解,向...提供,容纳,调和;vi.适应"
19,accommodation,od 路 ,"n.住处,膳宿,(车,船,飞机等的)预定铺位,(眼睛等的)适应性调节,(社会集团间的)迁就融合"
20,accomplish,pli 装满（的）,"vt.完成,达到,实现"
21,accord,ord 命令,"n.一致,符合,调和,协定;vt.一致,给与;vi.符合"
22,according,ordin 命令,adv.依照
23,accordingly,cor 心（脏）,"adv.因此,从而"
24,account,un 整体；联合 ,"n.计算,帐目,说明,估计,理由;vi.说明,总计有,认为,得分;vt.认为"
25,accumulate,"lat 拿，持，带来，搬运 , 担负 ","v.积聚,堆积"
26,accuracy,cur 关心，挂念，注意 ,"n.精确性,正确度"
27,accurate,cur 跑 ,"adj.正确的,精确的"
28,accuse,us 使用 ,"vt.控告,谴责,非难"
29,achievement,ment 记忆 ,"n.成就,功绩"
30,acid,cid 降落 ,"n.[化]酸,<俚>迷幻药;adj.酸的,讽刺的,刻薄的"
31,acquaint,quaint 认知 ,"vt.使熟知,通知"
32,acquire,quir 问，求，寻 ,"vt.获得,学到"
33,acquisition,sit 坐,"n.获得,获得物"
34,action,act 驱使；做 ,"n.动作,作用,战斗,行动,情节,(最能产生效果,最有趣,最有刺激性的活动);vt.对...起诉"
35,active,act 驱使；做 ,"adj.积极的,能起作用的,现行的,[语法]主动的,活动的,活跃的;n.[语法]主动语态,积极分子"
36,activity,it 走 ,"n.活跃,活动性,行动,行为,[核]放射性"
37,adapt,apt 适当，适应 ,"vt.使适应,改编"
38,addict,add 加，加上 ,"vt.使沉溺,使上瘾;n.入迷的人,有瘾的人"
39,addition,it 走 ,"n.加,加起来,增加物,增加,加法"
40,additional,di 日,"adj.另外的,附加的,额外的"
41,adjacent,cent 百 ,"adj.邻近的,接近的"
42,adjust,jus 法律 ,"vt.调整,调节,校准,使适合"
43,administration,st 立，站 ,"n.管理,经营,行政部门"
44,admission,miss 投，送，发,"n.允许进入,承认某事之陈述,供认"
45,admit,mit 投，送，发 ,"v.容许,承认,接纳"
46,adopt,opt 采取，眼睛 ,"vt.采用,收养"
47,advanced,van 空 ,"adj.高级的,年老的,先进的"
48,advantage,tag 接触,"n.优势,有利条件,利益"
49,adventure,ven 来,"n.冒险,冒险的经历;v.冒险"
50,adverse,adv ance 前，先,"adj.不利的,敌对的,相反的"
51,advertisement,vert 转 ,"n.广告,做广告"
52,advisable,adv ance 前，先,"adj.可取的,明智的"
53,aesthetic,st 立，站 ,"adj.美学的,审美的,有审美感的"
54,affection,fec 做,"n.友爱,爱情,影响,疾病,倾向"
55,affiliate,fi 相信 ,"v.(使...)加入,接受为会员"
56,afflict,li 绑 ,"vt.使痛苦,折磨"
57,agency,gen 出生,"n.代理处,行销处,代理,中介"
58,agenda,ag 驱使；做 ,n.议程
59,aggravate,ag 驱使；做 ,"vt.使恶化,加重"
60,aggressive,gress 步，走 ,"adj.好斗的,敢作敢为的,有闯劲的,侵略性的"
61,agony,ag 驱使；做 ,"n.苦恼,极大的痛苦"
62,agriculture,cult 耕作 ,"n.农业,农艺,农学"
63,air-conditioning,dit 给 ,"n.空调，空调系统,空调机"
64,airline,li 绑 ,n.定期航线
65,airport,port 拿，取 ,"n.<主美>小型民用机场,私人飞机降落场"
66,alien,ali 其它 ,"n.外侨;adj.外国的,相异的,不同,背道而驰"
67,alienate,nat 出生 ,v.疏远
68,alike,li 绑 ,"adj.相同的,相似的;adv.以同样的方式,类似于"
69,alleviate,all 其它 ,"vt.使(痛苦等)易于忍受,减轻"
70,alliance,li 绑 ,"n.联盟,联合"
71,allow,all 其它 ,"vt.允许,承认"
72,alloy,all 其它 ,"n.合金;vt.使成合金,减低成色"
73,ally,ly 绑 ,"v.结盟,与...(在血统,性质等上)有关联,同盟;n.同盟国,支持者"
74,alter,alter 改变，替换 ,v.改变
75,alternate,nat 出生 ,"adj.交替的,轮流的,预备的;v.交替,轮流,改变"
76,altitude,it 走 ,"n.(尤指海拔)高度,高处(海拔甚高的地方),(等级,地位等)高等"
77,amateur,"amat 爱 , 情爱 ","n.业余爱好者,业余艺术家"
78,amaze,"am 爱 , 情爱",vt.使吃惊
79,ambiguous,ig 驱使；做 ,"adj.暧昧的,不明确的"
80,ambition,bi 生命 ,"n.野心,雄心"
81,ambitious,"am 爱 , 情爱","adj.有雄心的,野心勃勃的"
82,amend,mend 命令 ,"v.修正,改进,改正"
83,amid,"am 爱 , 情爱",prep.在...中
84,amongst,mon 提醒，警告，单一，公共 ,"prep.在...中间,在...之中"
85,amplify,pli 装满（的）,"vt.放大,增强;v.扩大"
86,amuse,us 使用 ,"vt.使发笑,使愉快"
87,analyse,lys 分，解，溶，散 ,"n.&v.分析,分解"
88,analysis,ly 绑 ,"n.分析,分解"
89,anchor,hor 怕 ,"n.锚;v.抛锚,锚定"
90,anniversary,vers 转 ,n.周年纪念
91,annoy,ann 年 ,"vt.使苦恼,骚扰"
92,anonymous,us 使用 ,adj.匿名的
93,antique,iqu 相等 ,"n.古物,古董;adj.古时的,过时的"
94,anxious,anxi 紧张，不安 ,"adj.观念的,担忧的,渴望的,盼望的"
95,apart,part 分，部分 ,"adv.分离,分成零件,分别地,分离着;adj.分开的"
96,apartment,ment 记忆 ,"n.<美>公寓住宅,单元住宅,房间"
97,apologize,log 言，说,"vi.(apologise)道歉,辩白"
98,apparatus,par 生 ,"n.器械,设备,仪器"
99,apparent,par 相 等 ,"adj.显然的,外观上的"
100,appearance,pear 生,"n.出现,露面,外貌,外观"
101,appendix,di 日,"n.附录,附属品,[解]阑尾"
102,applaud,plaud 爆破，鼓掌 ,"v.拍手喝彩,称赞,赞同"
103,applause,us 使用 ,"n.鼓掌欢迎,欢呼"
104,appliance,li 绑 ,"n.用具,器具"
105,applicant,"plic 倍 , 重 , 折叠","n.申请者,请求者"
106,application,pli 装满（的）,"n.请求,申请,申请表,应用,运用,施用,敷用,应用,应用程序,应用软件"
107,apply,"ply 倍 , 重 , 折叠","vt.申请,应用;vi.申请,适用"
108,appointment,ment 记忆 ,"n.约会,指定"
109,appraisal,sal 盐 ,"n.评价,估价(尤指估价财产,以便征税),鉴定"
110,approach,proach 接近,"n.接近,逼近,走进,方法,步骤,途径,通路;vt.接近,动手处理;vi.靠近"
111,appropriate,pri 第一 ,adj.适当的
112,approximate,proxim 接近 ,"adj.近似的,大约的;v.近似,接近,接近,约计"
113,apt,apt 适当，适应 ,"adj.易于...的,有...倾向的,灵敏的,灵巧的,适当的,切题的,敏捷,倾向是"
114,arbitrary,tra 拖，拉，拽,"adj.任意的,武断的,独裁的,专断的"
115,architect,tect 掩盖，掩护 ,n.建筑师
116,architecture,arch 统治，起始,"n.建筑,建筑学,体系机构"
117,argument,ment 记忆 ,"n.争论,辩论,论据,论点,～(for,against),意见"
118,arise,ris 笑 ,"vi.出现,发生,起因于"
119,arithmetic,it 走 ,"n.算术,算法"
120,arouse,us 使用 ,"vt.唤醒,唤起,鼓励,引起;vi.睡醒"
121,arrangement,"rang 排列 , 顺序 ","n.排列,安排"
122,array,"ray 光线 , 辐射","n.排列,编队,军队,衣服,大批;vt.部署,穿着,排列"
123,arrest,st 立，站 ,"vt.逮捕,拘留,吸引;n.逮捕,拘留"
124,artery,art 艺术，关节 ,"n.动脉,要道"
125,artificial,art 艺术，关节 ,"adj.人造的,假的,非原产地的"
126,artistic,art 艺术，关节 ,"adj.艺术的,有美感的,风雅的"
127,ascertain,"tain 握 , 持 , 守","vt.确定,探知"
128,ashamed,"am 爱 , 情爱","adj.惭愧的,羞耻的"
129,aspect,spect 看,"n.样子,外表,面貌,(问题等的)方面"
130,aspiration,ratio 计算，推定，理由 ,"n.热望,渴望"
131,assassination,nat 出生 ,n.暗杀
132,assemble,sembl 相似 ,"vt.集合,聚集,装配;vi.集合"
133,assembly,ly 绑 ,"n.集合,装配,集会,集结,汇编"
134,assess,sess 坐 ,"vt.估定,评定"
135,assign,sign 设计 ,"vt.分配,指派;v.赋值;[计]将驱动器符重定向至第二个驱动器符"
136,assignment,ment 记忆 ,"n.分配,委派,任务,(课外)作业"
137,assimilate,"lat 拿，持，带来，搬运 , 担负 ",v.吸收
138,assist,st 立，站 ,"v.援助,帮助"
139,assistant,sist 立，站 ,"n.助手,助教;adj.辅助的,助理的"
140,association,soci 同伴，联合，结合 ,"n.协会,联合,结交,联想"
141,assume,sum 最高，总，拿 ,"vt.假定,设想,采取,呈现"
142,assumption,su 跟随 ,"n.假定,设想,担任,承当,假装,作态"
143,assure,sur 确定 ,"vt.断然地说,确告,保证,担保"
144,astonish,"ton 声 , 音调",vt.使惊讶
145,atmosphere,spher 球，圈，层 ,"n.大气,空气,气氛"
146,attach,tach 钉，扣件 ,"vt.缚上,系上,贴上;v.配属,隶属于"
147,attack,tack 钉，扣件 ,"n.进攻,攻击,(用语言)抨击,批评,疾病发作,侵袭;vt.攻击,抨击,动手处理(某事);vi.攻击"
148,attain,att 适当，适应 ,"vt.达到,获得;v.达到"
149,attendant,tend 伸 ,n.服务员
150,attitude,att 适当，适应 ,"n.姿势,态度,看法,意见"
151,attract,tract 拖，拉，拽,"vt.吸引;vi.有吸引力,引起注意"
152,attraction,att 适当，适应 ,"n.吸引,吸引力,吸引人的事物"
153,attractive,tra 拖，拉，拽,"adj.吸引人的,有魅力的"
154,attribute,ut 使用 ,"n.属性,品质,特征,加于,归结于"
155,audience,aud 听 ,"n.听众,观众,接见,拜见"
156,audio,di 日,"adj.音频的,声频的,声音的"
157,author,hor 怕 ,"n.作家,创造者"
158,authoritative,ut 使用 ,"adj.权威的,有权威的,命令的"
159,authority,it 走 ,"n.权威,威信,权威人士,权力,职权,典据,著作权威"
160,auto,ut 使用 ,n.<美口>汽车
161,automobile,mob 移动 ,"n.<主美>汽车(=<英>motorcar,car)"
162,autonomous,"ton 声 , 音调",adj.自治的
163,autonomy,ut 使用 ,n.自治
164,auxiliary,li 绑 ,"adj.辅助的,补助的"
165,avenue,ven 来,"n.林荫道,大街,方法,途径,路"
166,average,ag 驱使；做 ,"n.平均,平均水平,平均数,海损;adj.一般的,通常的,平均的;vt.平均为,均分,使平衡,达到平均水平;vi.买进,卖出"
167,aviation,via 路 ,"n.飞行,航空,航空学,航空术"
168,await,it 走 ,vt.等候
169,background,un 整体；联合 ,"n.背景,后台,不重要或不引人注目的地方或位置"
170,bacteria,act 驱使；做 ,n.细菌
171,baggage,ag 驱使；做 ,"n.行李,[军]辎重"
172,balance,bal 长木条，障碍 ,"n.秤,天平,平衡,[商]收支差额,结余,余额;v.平衡,称,权衡,对比,结算;n.资产平稳表"
173,ballet,"ball 抛 , 舞 , 球 ","n.芭蕾舞,芭蕾舞剧,芭蕾舞乐曲"
174,balloon,bal 长木条，障碍 ,n.气球
175,bamboo,"am 爱 , 情爱",n.竹子
176,band,ban 长木条，障碍 ,"n.带子,镶边,波段,队,乐队;v.联合,结合"
177,bandage,ag 驱使；做 ,n.绷带
178,bankrupt,rupt 破 ,"n.破产者;adj.破产了的,完全丧失;vt.使破产"
179,banner,ann 年 ,"n.旗帜,横幅,标语;"
180,banquet,ban 长木条，障碍 ,n.宴会
181,bare,bar 长木条，障碍 ,"adj.赤裸的,无遮蔽的,空的;vt.使赤裸,露出"
182,barely,ly 绑 ,"adv.仅仅,刚刚,几乎不能"
183,bark,bar 长木条，障碍 ,"n.树皮,吠声;v.吠,咆哮,剥树皮"
184,barrel,bar 长木条，障碍 ,n.桶;vt.装入桶内
185,barricade,cad 降落 ,v.设路障;n.路障
186,barrier,bar 长木条，障碍 ,"n.(阻碍通道的)障碍物,栅栏,屏障"
187,basically,all 其它 ,"adv.基本上,主要地"
188,batter,att 适当，适应 ,"n.击球手;v.打坏,猛击"
189,beam,"am 爱 , 情爱","n.梁,桁条,(光线的)束,柱,电波,横梁;v.播送"
190,beast,st 立，站 ,"n.兽,畜牲,人面兽心的人"
191,behavior,vi 路 ,"n.举止,行为"
192,belief,li 绑 ,"n.信任,信心,信仰"
193,beneficial,fic 做,"adj.有益的,受益的,[法律]有使用权的;adj.有益的,得利的,[律]有使用权的"
194,benefit,it 走 ,"n.利益,好处;vt.有益于,有助于;vi.受益"
195,betray,"ray 光线 , 辐射","vt.出卖,背叛,泄露(秘密),露出...迹象"
196,bibliography,graph 写，画，文字，图形,"n.(有关一个题目或一个人的)书目,参考书目"
197,bid,bi 生命 ,"vt.出价,投标,祝愿,命令,吩咐;n.出价,投标;v.支付"
198,billion,li 绑 ,n.&adj.十亿(的)
199,biography,graph 写，画，文字，图形,n.传记
200,biology,log 言，说,"n.生物学,生物(总称)"
201,bizarre,bi 生命 ,"adj.奇异的(指态度,容貌,款式等)"
202,blast,st 立，站 ,"n.一阵(风),一股(气流),爆炸,冲击波;vt.爆炸,,毁灭,使枯萎,损害"
203,blink,li 绑 ,"v.眨眼,闪亮,无视"
204,blunder,un 整体；联合 ,"v.跌跌撞撞地走,犯大错,做错;n.大错,失误"
205,blush,us 使用 ,"v.脸红,羞愧,呈现红色,使成红色;n.脸红,红色,红光"
206,boast,st 立，站 ,"n.自夸,值得夸耀的事物;v.自夸,以有...而自豪"
207,bolt,"bol 抛 , 舞 , 球 ","n.门闩,螺钉,闪电,跑掉;v.上门闩,囫囵吞下,逃跑"
208,bonus,us 使用 ,"n.奖金,红利"
209,boost,st 立，站 ,v.推进
210,border,order 命令,"n.边界,国界,边,边沿,边境;vt.与...接壤,接近;v.接壤"
211,boring,ori 升起 ,n.钻(孔);adj.令人厌烦的
212,bounce,un 整体；联合 ,"v.(使)反跳,弹起,(指支票)被银行退票,弹跳;n.(球)跳起,弹回"
213,boundary,un 整体；联合 ,"n.边界,分界线"
214,breakdown,dow 给 ,"n.崩溃,衰弱,细目分类"
215,breast,st 立，站 ,"n.胸部,乳房,胸怀,心情;vt.以胸对着,对付"
216,bride,rid 笑 ,n.新娘
217,briefcase,cas 降落 ,"n.(扁平的,柔韧的,装文件,书报的)公文包"
218,brilliant,li 绑 ,"adj.灿烂的,闪耀的,有才气的"
219,brisk,ris 笑 ,"adj.敏锐的,凛冽的,轻快的,活泼的;vt.使活泼;vi.活跃起来"
220,brood,od 路 ,"n.(动物中鸟或家禽的)一窝,(同种或同类的)一伙;vt.孵,沉思"
221,brutal,ut 使用 ,"adj.残忍的,兽性的"
222,bulletin,"tin 握 , 持 , 守","n.公告,报告"
223,bully,ly 绑 ,"n.欺凌弱小者;vt.威吓,威逼"
224,bunch,un 整体；联合 ,"n.串,束v.捆成一束"
225,burst,st 立，站 ,"v.爆裂,炸破,急于,爆发;n.突然破裂,爆发,脉冲"
226,bust,us 使用 ,"n.半身像,胸像,(妇女的)胸部"
227,butterfly,ut 使用 ,"n.[动]蝴蝶,蝶泳"
228,bypass,pass 感受,"n.旁路;vt.设旁路,迂回"
229,cabbage,ag 驱使；做 ,"n.[植]甘蓝,卷心菜"
230,cabin,bi 生命 ,"n.小屋,船舱"
231,calculate,"lat 拿，持，带来，搬运 , 担负 ","v.计算,考虑,计划,打算;v.<美>以为,认为"
232,calculator,tor 扭，拧 ,"n.计算机,计算器"
233,calorie,ori 升起 ,n.卡路里
234,camel,"am 爱 , 情爱","n.骆驼,[船](打捞用的)浮筒"
235,campus,camp 田野，场所 ,"n.<美>校园,大学教育"
236,cancer,cancer 螃蟹，癌症,"n.癌,毒瘤"
237,candidate,di 日,"n.候选人,投考者"
238,cannon,ann 年 ,"n.大炮,加农炮;v.炮轰"
239,capable,cap 头 ,"adj.有能力的,能干的,有可能的,可以...的"
240,capacity,"cap 拿 , 抓 ","n.容量,生产量,容量,智能,才能,能力,接受力,地位"
241,capsule,cap 头 ,"n.(植物)蒴果,胶囊,瓶帽,太空舱"
242,caption,apt 适当，适应 ,"n.标题，说明,字幕;vt.加上标题,加上说明"
243,captive,"cap 拿 , 抓 ","n.俘虏,被美色或爱情迷住的人;adj.被俘的,被迷住的"
244,carbon,carb 碳 ,"n.[化]碳(元素符号C),(一张)复写纸"
245,cardinal,car 车 ,"n.枢机主教,红衣主教;adj.主要的,最重要的"
246,cargo,car 车 ,"n.船货,(车、船、飞机等运输的)货物"
247,carpet,car 车 ,n.地毯
248,carriage,ag 驱使；做 ,"n.马车,客车,运费,姿态,（机械）车架"
249,carrot,car 车 ,n.胡萝卜
250,cartoon,art 艺术，关节 ,"n.(报刊上的)政治性漫画,讽刺画,卡通画,漫画(常有解说词);v.画漫画;n.卡通片,动画片"
251,carve,car 车 ,"v.雕刻,切开"
252,cash,cas 降落 ,n.现金;vt.兑现
253,cassette,cas 降落 ,"n.盒子,盒式磁带"
254,cast,st 立，站 ,"n.投掷,铸件,脱落物,一瞥,演员表;v.投,抛,投射,浇铸,计算,派(角色)"
255,casual,su 跟随 ,"adj.偶然的,不经意的,临时的"
256,catalog,log 言，说,"n.目录,目录册;v.编目录"
257,catastrophe,astr 星星 ,"n.大灾难,大祸"
258,category,teg 掩盖，掩护 ,"n.种类,别,[逻]范畴"
259,catholic,li 绑 ,n.天主教徒;adj.天主教的
260,caution,caut 仔细 ,"n.小心,谨慎,警告;vt.警告"
261,cautious,uti 使用 ,"adj.谨慎的,小心的"
262,cavity,vit 活,"n.洞,空穴,[解剖]腔"
263,cement,ment 记忆 ,"n.水泥,接合剂;vt.接合,用水泥涂,巩固;vi.粘牢"
264,census,su 跟随 ,n.人口普查
265,centigrade,cent 百 ,"adj.分为百度的,百分度的,摄氏温度的"
266,centimetre,"metr 计量 , 测量 ","n.厘米,公分"
267,ceramic,"am 爱 , 情爱",adj.陶器的;n.陶瓷制品
268,ceremony,mon 提醒，警告，单一，公共 ,"n.典礼,仪式,礼节,报幕员"
269,certificate,cert 确实 ,"n.证书,证明书;vt.发给证明书,以证书形式授权给…"
270,certify,fy 相信 ,"v.证明,保证"
271,chamber,"am 爱 , 情爱","n.室,房间,议院,会所,(枪)膛"
272,champion,"am 爱 , 情爱","n.冠军,拥护者,战士;vt.拥护,支持"
273,chant,chant 歌唱 ,n.圣歌
274,chapter,chapt 头 ,n.(书籍中)章节
275,character,char 车 ,"n.(事物的)特性,性质,特征(的总和),(人的)品质,字符,性格,特征,人物;vt.写,刻,印,使具有特征"
276,characteristic,ris 笑 ,"adj.特有的,表示特性的,典型的;n.特性,特征"
277,characterize,act 驱使；做 ,"vt.表现...的特色,刻画的...性格"
278,charity,char 车 ,"n.慈善,施舍,慈善团体"
279,chart,char 车 ,"n.海图,图表;vt.制图"
280,charter,art 艺术，关节 ,"vt.租,包(船、车等);n.宪章"
281,chemical,chem 化学 ,"adj.化学的;n.化学制品,化学药品;n.化学药品"
282,chemist,st 立，站 ,"n.化学家,药剂师"
283,chest,st 立，站 ,"n.胸腔,胸膛,箱,柜"
284,chief,chief 头 ,"n.首领,领袖,酋长,长官,主要部分,最有价值的部分;adj.主要的,首要的,首席的,主任的"
285,childhood,od 路 ,n.孩童时期
286,cholesterol,st 立，站 ,n.胆固醇
287,chord,hor 怕 ,"n.弦,和音,情绪;n.[解]腱"
288,chorus,us 使用 ,"n.合唱,合唱队,齐声"
289,Christian,ris 笑 ,"n.基督徒,信徒;adj.基督教的,信基督教的"
290,chunk,un 整体；联合 ,"n.大块,矮胖的人或物"
291,cigar,ig 驱使；做 ,n.雪茄
292,circuit,circ 圆 ,"n.电路,一圈,周游,巡回"
293,circulate,circ 圆 ,"v.(使)流通,(使)运行,(使)循环,(使)传播"
294,circulation,lati 宽 ,"n.循环,流通,发行额"
295,circumstance,st 立，站 ,"n.环境,详情,境况"
296,circus,us 使用 ,"n.马戏团,杂技团,马戏场,杂技场"
297,civil,civ 公民，城市 ,"adj.全民的,市民的,公民的,国民的,民间的.民事的,根据民法的,文职的,有礼貌的"
298,civilian,vi 路 ,"n.平民,公务员,文官;adj.民间的,民用的"
299,civilization,li 绑 ,"n.文明,文化,文明社会,文明,一个著名游戏的名称"
300,claim,claim 喊叫 ,"n.(根据权利提出)要求,要求权,主张,要求而得到的东西;vt.(根据权利)要求,认领,声称,主张,需要"
301,clamp,clam 喊叫 ,"n.夹子,夹具,夹钳;vt.夹住,夹紧"
302,clarify,clar 清楚，明白 ,"v.澄清,阐明"
303,clarity,it 走 ,"n.清楚,透明"
304,classic,class 分类，等级 ,"n.杰作,名著;adj.第一流的"
305,classification,class 分类，等级 ,"n.分类,分级"
306,classify,fy 相信 ,"vt.分类,分等"
307,clause,us 使用 ,"n.子句,条款"
308,clearance,clear 清楚，明白 ,n.清除
309,click,cli 倾 ,v.发出滴答声;n.滴答声
310,client,li 绑 ,"n.[计]顾客,客户,委托人"
311,climate,lim 界限 ,"n.气候,风土,思潮"
312,climax,cli 倾 ,"n.高潮,顶点"
313,cling,li 绑 ,"vi.粘紧,附着,紧贴,坚持(意见),墨守(习惯)"
314,clockwise,loc 地方 ,adj.顺时针方向的;adv.顺时针方向地
315,closet,clos 关闭,"n.壁橱,储藏室,厕所;adj.关起门来的;vt.关入私室密谈"
316,cluster,clus 关闭,"n.串,丛;vi.丛生,成群"
317,clutch,ut 使用 ,"v.抓住,攫住;n.离合器"
318,coalition,alit 养育，成长,"n.合并,接合,联合"
319,cognitive,cogn 知道,"adj.认知的,认识的,有感知的"
320,coincide,cid 降落 ,"vi.一致,符合"
321,collaboration,ratio 计算，推定，理由 ,"n.协作,通敌"
322,collapse,col 栖息 ,"n.倒塌,崩溃,失败,虚脱;vi.倒塌,崩溃,瓦解,失败,病倒"
323,colleague,ag 驱使；做 ,"n.同事,同僚"
324,collective,lect 采集，读，说，法律,adj.集体的;n.集体
325,collide,col 栖息 ,"vi.碰撞,抵触"
326,collision,li 绑 ,"n.碰撞,冲突"
327,colony,colon 栖息 ,"n.殖民地,侨民,(聚居的)一群同业,一批同行,(生物)群体"
328,column,col 栖息 ,"n.圆柱,柱壮物,专栏,纵队"
329,combination,nat 出生 ,"n.结合,联合,合并,化合,化合物"
330,combine,bi 生命 ,"v.(使)联合,(使)结合;n.联合企业,联合收割机;n.联合收割机"
331,command,mand 命令 ,"n.命令,掌握,司令部;v.命令,指挥,克制,支配,博得,俯临"
332,commander,man 手 ,"n.司令官,指挥官"
333,commemorate,rat 计算，推定，理由,vt.纪念
334,commend,mend 命令 ,"vt.称赞,表扬,推荐,委托,吸引"
335,comment,ment 记忆 ,"n.注释,评论,意见;vi.注释,评论"
336,commission,miss 投，送，发,"n.委任,委托,代办(权),代理(权),犯(罪),佣金;vt.委任,任命,委托,委托制作,使服役"
337,commit,mit 投，送，发 ,"vt.犯(错误),干(坏事),把...交托给,提交,答应负责"
338,commitment,it 走 ,"n.委托事项,许诺,承担义务"
339,commodity,commod 便利，方便 ,n.日用品
340,commonplace,place 放，地方 ,"n.平凡的事,平常话;adj.平凡的"
341,commonwealth,mon 提醒，警告，单一，公共 ,"n.国民整体,共和国,联邦"
342,communicate,mun 公共 ,"v.沟通,通信,(房间、道路、花园等)相通,传达,感染"
343,communication,uni 整体；联合 ,"n.传达,信息,交通,通讯"
344,community,un 整体；联合 ,"n.公社,团体,社会,(政治)共同体,共有,一致,共同体,(生物)群落"
345,commute,ut 使用 ,"v.交换,抵偿,减刑,<电工>整流"
346,companion,pan 面包 ,"n.同伴,共事者"
347,comparable,par 准备 ,"adj.可比较的,比得上的"
348,compare,par 生 ,"v.比较,相比,比喻n.比较"
349,comparison,ris 笑 ,"n.比较,对照,比喻,比较关系"
350,compartment,par 相 等 ,"n.间隔间,车厢"
351,compatible,pat 感受,"adj.谐调的,一致的,兼容的"
352,compensate,sat 足，满，饱 ,"v.偿还,补偿,付报酬"
353,compete,pet 追求 ,"vi.比赛,竞争"
354,competent,"tent 握 , 持 , 守","adj.有能力的,胜任的"
355,competition,pet 追求 ,"n.竞争,竞赛"
356,competitive,it 走 ,adj.竞争的
357,complain,plain 打 ,"v.抱怨,悲叹,控诉"
358,complement,ment 记忆 ,"n.补足物,[文法]补语,[数]余角;vt.补助,补足"
359,complex,ple 装满（的）,"adj.复杂的,合成的,综合的;n.联合体"
360,complexion,"ple 倍 , 重 , 折叠","n.面色,肤色,情况,局面"
361,complicated,li 绑 ,"adj.复杂的,难解的"
362,compliment,ment 记忆 ,"n.称赞,恭维,致意,问候,道贺;vt.称赞,褒扬,恭维"
363,comply,ply 装满（的）,"vi.顺从,答应,遵守"
364,component,pon 放置,"n.成分;adj.组成的,构成的"
365,compose,pos 放置 ,"v.组成,写作,排字,(使)安定,调解"
366,composite,it 走 ,"adj.合成的,复合的;n.合成物"
367,compress,press 压，按 ,"vt.压缩,摘要叙述;n.(外科)敷布"
368,comprise,ris 笑 ,"v.包含,由...组成"
369,compute,put 数，计算，考虑 ,"v.计算,估计,用计算机计算(或确定)"
370,concede,ced 走,"vt.勉强,承认,退让;vi.让步"
371,concentrate,centr 中心 ,"v.集中,浓缩"
372,concentration,ratio 计算，推定，理由 ,"n.集中,集合,专心,浓缩,浓度"
373,concept,"cept 拿 , 抓","n.观念,概念"
374,conception,cep 头 ,"n.观念,概念"
375,concerning,cern 辨别 ,prep.关于
376,concession,ess 存在 ,n.让步
377,conclude,clud 关闭,"v.结束,终止,决定,作出结论;vt.推断,断定,缔结,议定"
378,conclusion,clus 关闭,"n.结束,缔结,结论"
379,concrete,cre 增长，生长，产生,"adj.具体的,有形的;n.混凝土;v.用混凝土修筑,浇混凝土,凝结"
380,condition,dit 给 ,"n.条件,情形,环境,社会地位;vt.以...为条件,使达到要求的情况"
381,conduct,duc 引导 ,"n.行为,操行;v.引导,管理,为人,传导"
382,conductor,tor 扭，拧 ,"n.领导者,经理,指挥管弦乐队、合唱队的,(市内有轨电车或公共汽车)售票员,<美>列车长"
383,confer,fer 带来，拿，负担 ,"vt.授予(称号、学位等),赠与,把...赠与,协议;v.协商,交换意见"
384,confess,fess 说，宣称 ,"v.承认,坦白,忏悔"
385,confidence,fid 相信 ,n.信心
386,confident,fi 相信 ,"adj.自信的,确信的"
387,configuration,ratio 计算，推定，理由 ,"n.构造,结构,配置,外形"
388,confine,fin 终结，末尾，界限 ,"vt.限制,禁闭;n.界限,边界"
389,confirm,fi 相信 ,"vt.确定,批准,使巩固,使有效;v.确认,(基督教中)给...行按手礼"
390,conflict,li 绑 ,"n.斗争,冲突;vi.抵触,冲突"
391,confront,"front 面部 , 正面，前额 ","vt.使面临,对抗"
392,confuse,fus 熔化；倾倒 ,"vt.搞乱,使糊涂"
393,confusion,us 使用 ,"n.混乱,混淆"
394,congratulation,grat 感谢,"n.祝词,贺辞"
395,congress,gre 步，走 ,"n.(代表)大会,[C～](美国等国的)国会,议会"
396,conjunction,un 整体；联合 ,"n.联合,关联,连接词"
397,connection,nect 结，系,"n.连接,关系,接线,线路,亲戚"
398,connexion,nex 结，系 ,"n.联系,连结"
399,conquest,quest 问，求，寻 ,n.征服;n.战利品
400,conscience,sci 知 ,"n.良心,道德心"
401,conscientious,us 使用 ,adj.尽责的
402,consecutive,secut 跟随 ,"adj.连续的,联贯的"
403,consensus,su 跟随 ,"n.一致同意,多数人的意见,舆论"
404,consequence,sequ 跟随 ,"n.结果,[逻]推理,推论,因果关系,重要的地位"
405,consequent,equ 相等 ,"adj.作为结果的,随之发生的"
406,consequently,ly 绑 ,"adv.从而,因此"
407,conservative,serv 观看，服务，保留 ,"adj.保守的,守旧的;n.保守派"
408,considerable,sid 坐,"adj.相当大(或多)的,值得考虑的,相当可观的"
409,considerate,rat 计算，推定，理由,adj.考虑周到的
410,consist,sist 立，站 ,"vi.由...组成,在于,一致"
411,consistent,"ten 握 , 持 , 守","adj.一致的,调和的,坚固的,[数、统]相容的"
412,consolidate,sol 单独，太阳 ,v.巩固
413,conspicuous,spi 看,adj.显著的
414,constant,st 立，站 ,"n.[数、物]常数,恒量;adj.不变的,持续的,坚决的"
415,constituent,it 走 ,"n.委托人,要素;adj.有选举权的；有宪法制定［修改］权的"
416,constitution,uti 使用 ,"n.宪法,构造,体质,体格,国体,章程,惯例"
417,constrain,tra 拖，拉，拽,"vt.强迫,抑制,拘束"
418,construct,st 立，站 ,"vt.建造,构造,创立"
419,consult,su 跟随 ,"v.商量,商议,请教,参考,考虑"
420,consume,sum 最高，总，拿 ,"vt.消耗,消费,消灭,大吃大喝,吸引;vi.消灭,毁灭"
421,consumer,su 跟随 ,n.消费者
422,contact,tact 接触,"n.接触,联系;vt.接触,联系"
423,contaminate,nat 出生 ,v.污染
424,contemporary,tempor 时间 ,"n.同时代的人;adj.当代的,同时代的"
425,contempt,tempt 尝试，触摸 ,"n.轻视,轻蔑,耻辱,不尊敬,[律]藐视法庭(或国会)"
426,contend,tend 伸 ,"v.斗争,竞争,主张"
427,contention,tent 伸 ,"n.争夺,争论,争辩,论点"
428,contest,st 立，站 ,"n.论争,竞赛;v.,争论,争辩,竞赛,争夺"
429,continuity,"tin 握 , 持 , 守","n.连续性,连贯性"
430,continuous,us 使用 ,"adj.连续的,持续的"
431,contradict,dict 言，说,"vt.同...矛盾,同...抵触"
432,contradiction,"rad 光线 , 辐射","n.反驳,矛盾"
433,contrary,tra 拖，拉，拽,"adj.相反的,逆的,<口语>执拗;n.反面;adv.相反地"
434,contrast,st 立，站 ,"vt.使与...对比,使与...对照;vi.和...形成对照;n.对比,对照,(对照中的)差异"
435,contribute,ut 使用 ,"v.捐助,捐献,贡献,投稿"
436,controversial,vers 转 ,"adj.争论的,争议的"
437,convene,ven 来,"v.召集,集合"
438,convention,vent 来 ,"n.大会,协定,习俗,惯例"
439,conventional,ven 来,"adj.惯例的,常规的,习俗的,传统的"
440,conversely,vers 转 ,"adv.倒地,逆地"
441,convert,vert 转 ,"n.皈依者;vt.使转变,转换...,使...改变信仰"
442,convict,vict 胜，征服 ,"vt.证明...有罪,宣告...有罪;n.罪犯"
443,conviction,vi 路 ,"n.深信,确信,定罪,宣告有罪"
444,cooperate,rat 计算，推定，理由,"vi.合作,协作"
445,cooperative,per 相 等 ,"adj.合作的,协力的"
446,coordinate,ord 命令,"n.同等者,同等物,坐标(用复数);adj.同等的,并列的;vt.调整,整理"
447,copper,per 相 等 ,"n.铜,警察"
448,copyright,ig 驱使；做 ,"n.版权,著作权"
449,cordial,cor 心（脏）,"n.兴奋剂,兴奋性饮料;adj.热忱的,诚恳的,兴奋的"
450,cork,cor 心（脏）,"n.软木塞,软木,(用塞子)塞住"
451,corporate,rat 计算，推定，理由,"adj.社团的,法人的,共同的,全体的"
452,corps,cor 心（脏）,"n.军团,兵队,团,兵种,技术兵种,特殊兵种,(德国大学的)学生联合会"
453,correlate,"lat 拿，持，带来，搬运 , 担负 ",vt.使相互关联;vi.和...相关
454,correspond,cor 心（脏）,"vi.符合,协调,通信,相当,相应"
455,correspondence,pon 放置,"n.相应,通信,信件"
456,corresponding,cor 心（脏）,"adj.相应的,通讯的"
457,corridor,rid 笑 ,n.走廊
458,corrode,od 路 ,"v.使腐蚀,侵蚀"
459,costly,"cost 肋骨，旁边 , 边 ","adj.昂贵的,贵重的"
460,costume,st 立，站 ,"n.装束,服装"
461,counsel,un 整体；联合 ,"n.讨论,商议,辩护律师;vt.劝告,忠告"
462,counterpart,count 数，计算，考虑 ,"n.副本,极相似的人或物,配对物"
463,county,un 整体；联合 ,"n.县,郡"
464,court,cour 心（脏） ,"n.法院,庭院,朝廷,球场,奉承,求爱;vt.向...献殷勤,追求,博得(喝彩),招致(失败危险等);vi.求爱"
465,courtesy,cour 跑 ,"n.谦恭,允许,礼貌"
466,coverage,cover 覆盖， 掩盖 ,n.覆盖
467,cradle,"rad 光线 , 辐射","n.摇篮,发源地,支船架;vt.将...放在摇篮内"
468,create,cre 增长，生长，产生,"vt.创造,创作,引起,造成"
469,creation,cre 辨别 ,"n.创造,创作物"
470,creature,cre 增长，生长，产生,"n.人,动物,傀儡,创造物"
471,credible,cre 辨别 ,"adj.可信的,可靠的"
472,credit,dit 给 ,"n.信任,信用,声望,荣誉,[财务]贷方,银行存款;vt.相信,信任,把...归给"
473,crew,cre 增长，生长，产生,"n.全体人员,(工作)队;vbl.crow的过去式"
474,criminal,"crimin 控诉 , 罪行 ","n.罪犯,犯罪者;adj.犯罪的,犯法的,罪恶的"
475,cripple,ple 装满（的）,n.跛子;v.削弱
476,crisp,cris 判断 ,"adj.脆的,易碎的"
477,criterion,it 走 ,"n.(批评判断的)标准,准据,规范"
478,critical,crit 判断 ,"adj.评论的,鉴定的,批评的,危急的,临界的"
479,criticism,it 走 ,"n.批评,批判"
480,crucial,cruc 十字 ,adj.至关紧要的
481,crude,rud 原始，粗野 ,"adj.天然的,未加工的,粗糙的,拙劣的,粗鲁的;n.天然的物质"
482,crush,crus 十字 ,"vt.压碎,碾碎,压服,压垮,粉碎,(使)变形"
483,crust,st 立，站 ,"n.外壳,硬壳,面包皮;vt.盖以硬皮;vi.结硬皮"
484,culminate,nat 出生 ,v.达到顶点
485,culture,cult 耕作 ,"n.文化,文明"
486,cumulative,lati 宽 ,adj.累积的
487,cupboard,"cup 拿 , 抓 ","n.食橱,碗碟橱"
488,curb,cur 关心，挂念，注意 ,n.路边
489,curiosity,cur 跑 ,n.好奇心
490,curious,us 使用 ,"adj.好奇的,求知的,古怪的,爱挑剔的"
491,currency,cur 关心，挂念，注意 ,n.流通
492,current,cur 跑 ,"adj.当前的,通用的,流通的,现在的,草写的,最近的;n.涌流,趋势,电流,水流,气流"
493,curse,curs 跑 ,"n.诅咒,咒语,祸根,祸因;vt.诅咒,咒骂,降祸,使受罪"
494,curtain,cur 关心，挂念，注意 ,"n.窗帘,门帘;v.装上门帘"
495,curve,cur 跑 ,"n.曲线,弯曲,[棒球]曲线球,[统]曲线图表;vt.弯,使弯曲;vi.成曲形"
496,cushion,us 使用 ,"n.垫子,软垫,衬垫;v.加衬垫"
497,cute,ut 使用 ,"adj.可爱的,聪明的,伶俐的,装腔作势的"
498,cylinder,li 绑 ,"n.圆筒,圆柱体,汽缸,柱面"
499,dam,"am 爱 , 情爱","n.水坝,障碍;v.控制,筑坝"
500,damp,"am 爱 , 情爱","n.湿气;adj.潮湿的;vt.使潮湿,阻尼,使衰减,使沮丧,控制,抑止"
501,daylight,light 光，轻，愉快 ,"n.日光,白昼,白天"
502,deadline,li 绑 ,n.最终期限
503,decade,cad 降落 ,"n.十年,十"
504,deceive,"ceiv 拿 , 抓 ","v.欺骗,行骗"
505,decent,cent 歌唱 ,"adj.正派的,端庄的,有分寸的,(服装)得体的,大方的;adj.<口>相当好的、象样的"
506,declaration,ratio 计算，推定，理由 ,"n.宣布,宣言,声明"
507,decline,clin 倾 ,"vi.下倾,下降,下垂;v.拒绝,衰落;n.下倾,下降,下垂,斜面,斜坡,衰败,衰落"
508,decorate,cor 心（脏）,"v.装饰,为...做室内装修"
509,decrease,cre 辨别 ,"n.减少,减少之量;v.减少"
510,dedicate,dic 言，说 ,"vt.献(身),致力,题献(一部著作给某人)"
511,deduce,duc 引导 ,"vt.推论,演绎出"
512,defect,fec 做,"n.过失,缺点"
513,defiance,fi 相信 ,"n.挑战,蔑视,挑衅"
514,deficit,cit 召唤 ,"n.赤字,不足额"
515,define,fin 终结，末尾，界限 ,"vt.定义,详细说明"
516,definite,it 走 ,"adj.明确的,一定的"
517,definitely,fi 相信 ,"adv.明确地,干脆地"
518,definitive,fin 终结，末尾，界限 ,"adj.最后的,确定的,权威性的"
519,defy,fy 相信 ,"vt.不服从,公然反抗,藐视,挑衅,违抗,使...难于;n.挑战"
520,degrade,grad 步，走 ,"v.(使)降级,(使)堕落,(使)退化"
521,delegate,leg 采集，读，说，法律 ,n.代表;vt.委派...为代表
522,deliberate,rat 计算，推定，理由,"adj.深思熟虑的,故意的,预有准备的;v.商讨"
523,delicate,li 绑 ,"adj.精巧的,精致的,病弱的,脆弱的,微妙的,棘手的,灵敏的,精密的"
524,delivery,li 绑 ,"n.递送,交付,分娩,交货,引渡;n.[律]财产等的正式移交,发送,传输"
525,democratic,rat 计算，推定，理由,"adj.民主的,民主主义的,民主政体的,平民的"
526,demonstrate,tra 拖，拉，拽,"vt.示范,证明,论证;vi.示威"
527,denounce,nounc 说，告 ,"vt.公开指责,公然抨击,谴责"
528,density,sit 坐,n.密度
529,dentist,st 立，站 ,n.牙科医生
530,depart,part 分，部分 ,"vi.离开,起程,不按照,逝世;adj.过去的,逝世的"
531,departure,art 艺术，关节 ,"n.启程,出发,离开"
532,depict,pict 画，图片，照片 ,"vt.描述,描写"
533,deport,port 拿，取 ,"vt.举止,驱逐"
534,deposit,sit 坐,"n.堆积物,沉淀物,存款,押金,保证金,存放物;vt.存放,堆积;vi.沉淀"
535,depress,ess 存在 ,"vt.使沮丧,使消沉,压下,压低,使不活泼,使萧条;v.压下"
536,deprive,pri 第一 ,"vt.剥夺,使丧失"
537,deputy,ut 使用 ,"n.代理人,代表"
538,descend,scen 设置 ,"vi.下来,下降,遗传(指财产,气质,权利),突击,出其不意的拜访;v.下去"
539,descent,cent 百 ,"n.降下,降落,世系,血统,侵袭"
540,deserve,serv 观看，服务，保留 ,"vt.应受,值得;v.应受"
541,design,ig 驱使；做 ,"n.设计,图案,花样,企图,图谋,(小说等的)构思,纲要;v.设计,计划,谋划,构思"
542,designate,gn 出生,"vt.指明,指出,任命,指派;v.指定,指派"
543,despair,pair 相 等 ,"n.绝望,失望,令人失望的人(事物);vi.绝望"
544,desperate,rat 计算，推定，理由,"adj.不顾一切的,拚死的,令人绝望的"
545,despite,spi 看,"prep.不管,尽管,不论"
546,dessert,ess 存在 ,n.餐后甜点
547,destination,st 立，站 ,"n.目的地,[计]目的文件,目的单元格"
548,destiny,stin 立，站 ,"n.命运,定数"
549,destruction,st 立，站 ,"n.破坏,毁灭"
550,detach,tach 钉，扣件 ,"vt.分开,分离,分遣,派遣(军队)"
551,detain,"tain 握 , 持 , 守","v.拘留,留住,阻止"
552,detect,tect 掩盖，掩护 ,"vt.察觉,发觉,侦查,探测;v.发现"
553,detective,tect 掩盖，掩护 ,n.侦探;adj.侦探的
554,deteriorate,rat 计算，推定，理由,v.(使)恶化
555,determination,min 小 ,"n.决心,果断"
556,deviate,via 路 ,"vi.背离,偏离;v.偏离"
557,device,vi 路 ,"n.装置,设计,图案,策略,发明物,设备;[计]安装设备驱动程序"
558,devise,vi 路 ,"vt.设计,发明,图谋,作出(计划),想出(办法),遗赠给;n.遗赠"
559,diagnose,gno 知道 ,v.诊断
560,diagram,ag 驱使；做 ,n.图表
561,dialect,di 日,"n.方言,语调"
562,diameter,"am 爱 , 情爱",n.直径
563,dictation,dict 言，说,"n.听写,口述"
564,differ,fer 带来，拿，负担 ,"vi.不一致,不同"
565,differentiate,di 日,"v.区别,区分"
566,diffuse,us 使用 ,"n.分类,摘要;vi.消化;vt.消化,融会贯通"
567,digital,it 走 ,"adj.数字的,数位的,手指的;n.数字,数字式"
568,dignity,ig 驱使；做 ,"n.尊严,高贵"
569,dilemma,di 日,"n.进退两难的局面,困难的选择"
570,diligent,li 绑 ,"adj.勤勉的,用功的,细心而继续不断的"
571,dim,di 日,"adj.暗淡的,模糊的,无光泽的,悲观的,怀疑的;vt.使暗淡,使失去光泽;n.<美俚>笨蛋、傻子"
572,diminish,min 小 ,"v.(使)减少,(使)变小"
573,dine,di 日,"vi.吃饭,进餐"
574,diploma,"plo 倍 , 重 , 折叠","n.文凭,毕业证书,证明权力、特权、荣誉等的证书,奖状"
575,diplomat,mat 成熟 ,"n.外交官,有外交手腕的人,有权谋的人"
576,diplomatic,di 日,"adj.外交的,老练的"
577,directory,rect 正，直 ,"n.姓名地址录,目录"
578,dirt,di 日,"n.污垢,泥土"
579,disappear,pear 生,"vi.消失,不见"
580,disaster,st 立，站 ,"n.灾难,天灾,灾祸"
581,disastrous,di 日,"adj.损失惨重的,悲伤的"
582,discern,cern 辨别 ,"v.目睹,认识,洞悉,辨别,看清楚"
583,discharge,char 车 ,"vt.卸下,放出,清偿(债务),履行(义务),解雇,开(炮),放(枪),射(箭);vi.卸货,流注;n.卸货,流出,放电"
584,discipline,"cip 拿 , 抓","n.纪律,学科;v.训练"
585,disclose,di 日,"vt.揭露,透露"
586,discourage,cour 心（脏） ,"vt.使气馁,阻碍"
587,discreet,cre 增长，生长，产生,"adj.小心的,慎重的,有思虑的,贤明的"
588,discrepancy,cre 辨别 ,"n.相差,差异,矛盾"
589,discrete,di 日,"adj.不连续的,离散的"
590,disease,di 日,"n.疾病,弊病"
591,disgust,st 立，站 ,"n.厌恶,嫌恶;vi.令人厌恶,令人反感;vt.使作呕"
592,dismay,di 日,"n.沮丧,惊慌;v.使沮丧,使惊慌"
593,disorder,order 命令,"n.杂乱,混乱,无秩序状态;vt.扰乱,使失调,使紊乱"
594,dispatch,patch 脚 ,"vt.分派,派遣;n.派遣,急件"
595,disperse,per 相 等 ,"v.(使)分散,(使)散开,疏散"
596,displace,di 日,"vt.移置,转移,取代,置换;v.转移"
597,disposal,sal 盐 ,"n.处理,处置,布置,安排,配置,支配"
598,dispose,pos 放置 ,"v.处理,处置,部署;vt.布置,安排,除去,使愿意"
599,disposition,it 走 ,n.部署
600,dispute,di 日,"v.争论,辩论,怀疑,抗拒,阻止,争夺(土地,胜利等);n.争论,辩论,争吵"
601,disrupt,rupt 破 ,"v.使中断,使分裂,使瓦解,使陷于混乱,破坏"
602,dissipate,pat 感受,"v.驱散,(使)(云、雾、疑虑等)消散,浪费(金钱或时间)"
603,dissolve,di 日,"v.溶解,解散"
604,distinct,stinct 刺，扑灭 ,"adj.清楚的,明显的,截然不同的,独特的"
605,distinction,stin 立，站 ,"n.区别,差别,级别,特性,声望,显赫"
606,distinguish,ting 接触,"v.区别,辨别"
607,distort,ort 升起 ,"vt.弄歪(嘴脸等),扭曲,歪曲(真理、事实等),误报"
608,distract,tra 拖，拉，拽,v.转移
609,distress,st 立，站 ,"n.悲痛,穷困,不幸,危难,忧伤;v.使悲痛,使穷困,使忧伤"
610,distribute,ut 使用 ,"vt.分发,分配,散布,分布,分类,分区;v.分发"
611,distribution,di 日,"n.分配,分发,配给物,销售,法院对无遗嘱死亡者财产的分配,分布状态,区分,分类,发送,发行"
612,disturbance,turb 骚乱，骚扰 ,"n.骚动,动乱,打扰,干扰,骚乱,搅动"
613,ditch,dit 给 ,"n.沟,沟渠,壕沟"
614,dive,di 日,"vi.潜水,跳水,下潜,俯冲;n.潜水,跳水,下潜,俯冲"
615,diversion,vers 转 ,"n.转移,转换,牵制,解闷,娱乐"
616,divert,vert 转 ,"v.转移,转向,使高兴"
617,divide,di 日,"v.分,划分,分开,隔开"
618,divine,vi 路 ,"adj.神的,神圣的,非凡的,超人的,非常可爱的;n.牧师"
619,divorce,di 日,"n.离婚,脱离;vt.使离婚,与...脱离"
620,dock,doc 教 ,"n.<美>码头,船坞,被告席,尾巴的骨肉部分;vt.靠码头,引入坞,剪短;vi.入船坞"
621,document,ment 记忆 ,"n.公文,文件,文档,档案,文献;v.证明"
622,dodge,od 路 ,"v.避开,躲避;n.<俗>诡计,躲藏"
623,domain,main 停驻 ,"n.领土,领地,(活动、学问等的)范围,领域"
624,dome,dom 屋，统治,n.圆屋顶
625,domestic,sti 刺，扑灭 ,"adj.家庭的,国内的,与人共处的,驯服的"
626,dominant,min 小 ,"adj.有统治权的,占优势的,支配的;adj.[生物]显性的"
627,donate,don 给 ,"v.捐赠,赠予"
628,donation,nat 出生 ,"n.捐赠品,捐款,贡献"
629,dormitory,tor 扭，拧 ,n.宿舍
630,doubtless,ess 存在 ,"adj.无疑的,确定的;adv.无疑地,确定地,<口>大概、多半"
631,drag,ag 驱使；做 ,"v.拖,拖曳,缓慢而费力地行动;n.拖拉"
632,drainage,ag 驱使；做 ,"n.排水,排泄,排水装置,排水区域,排出物,消耗"
633,drama,"am 爱 , 情爱","n.(在舞台上演的)戏剧,戏剧艺术"
634,drastic,sti 刺，扑灭 ,"adj.激烈的,(药性等)猛烈的"
635,drawback,draw 画 ,"n.缺点,障碍,退还的关税,退税(指进口货物再出口时退还其进口时的关税)"
636,drunk,un 整体；联合 ,adj.喝醉了的;vbl.drink的过去分词
637,dubious,us 使用 ,"adj.可疑的,不确定的"
638,duplicate,"plic 倍 , 重 , 折叠","adj.复制的,副的,两重的,两倍的,完全相同;n.复制品,副本;vt.复写,复制,使加倍,使成双"
639,duration,ratio 计算，推定，理由 ,"n.持续时间,为期"
640,dusk,us 使用 ,"n.薄暮,黄昏"
641,dynamic,"am 爱 , 情爱","adj.动力的,动力学的,动态的"
642,earnest,st 立，站 ,"adj.认真的,热心的,重要的n.真挚,定金,认真,热心"
643,Easter,aster 星星 ,n.[宗](耶稣)复活节
644,eccentric,cent 百 ,adj.古怪;n.行为古怪的人
645,eclipse,cli 倾 ,"n.食,日蚀,月蚀,蒙蔽,衰落;vt.引起日蚀,引起月蚀,超越,使黯然失色"
646,ecology,col 栖息 ,"n.生态学,[社会]环境适应学,均衡系统"
647,economic,eco 住所，经济，生态 ,"adj.经济(上)的,产供销的,经济学的"
648,economy,eco 住所，经济，生态 ,"n.经济,节约,节约措施,经济实惠,系统,机体,经济制度的状况"
649,edible,di 日,adj.可食用的
650,editor,dit 给 ,"n.编辑,编辑器,编者"
651,editorial,ori 升起 ,"n.社论;adj.编辑上的,主笔的,社论的"
652,effective,fec 做,"adj.有效的,被实施的,给人深刻印象,有生力量"
653,efficiency,fic 做,"n.效率,功效"
654,efficient,"fic 面部 , 正面，前额 ","adj.(直接)生效的,有效率的,能干的"
655,eject,jec 投掷,"vt.逐出,撵出,驱逐,喷射;n.推断的事物"
656,elaborate,rat 计算，推定，理由,"adj.精心制作的,详细阐述的,精细;vt.精心制作,详细阐述;v.详细描述"
657,elastic,sti 刺，扑灭 ,adj.弹性的
658,elderly,ly 绑 ,"adj.过了中年的,稍老的"
659,election,lect 采集，读，说，法律,"n.选举,当选,选择权,[宗]上帝的选拔"
660,electrical,electr 电 ,"adj.电的,有关电的"
661,electrician,lect 采集，读，说，法律,"n.电工,电学家"
662,electricity,cit 召唤 ,"n.电流,电,电学"
663,electronic,electr 电 ,adj.电子的
664,elegant,leg 采集，读，说，法律 ,"adj.文雅的,端庄的,雅致的,<口>上品的,第一流的"
665,elementary,ment 记忆 ,"adj.初步的,基本的,[化]元素的,自然力的"
666,elevator,tor 扭，拧 ,"n.电梯,升降机,[空]升降舵"
667,elicit,cit 公民，城市 ,"vt.得出,引出,抽出,引起"
668,eligible,ig 驱使；做 ,"adj.符合条件的,合格的"
669,eliminate,li 绑 ,"vt.排除,消除;v.除去"
670,eloquent,loqu 言，说,"adj.雄辩的,有口才的,动人的,意味深长的"
671,embark,bar 长木条，障碍 ,"v.上船,上飞机,着手,从事,装于船上,登上"
672,embody,od 路 ,"vt.具体表达,使具体化,包含,收录"
673,emerge,merg 沉，没 ,"vi.显现,浮现,暴露,形成,(由某种状态)脱出,(事实)显现出来"
674,emergency,erg 做，工作 ,"n.紧急情况,突然事件,非常时刻,紧急事件"
675,emit,mit 投，送，发 ,"vt.发出,放射,吐露,散发,发表,发行"
676,emotional,mot 移动 ,"adj.情绪的,情感的"
677,emperor,per 相 等 ,"n.皇帝,君主"
678,empire,pir 相 等 ,"n.帝国,帝权"
679,employee,"plo 倍 , 重 , 折叠","n.职工,雇员,店员"
680,employment,ment 记忆 ,"n.雇用,使用,利用,工作,职业"
681,enclose,clos 关闭,"vt.放入封套,装入,围绕"
682,enclosure,sur 确定 ,"n.围住,围栏,四周有篱笆或围墙的场地"
683,encounter,un 整体；联合 ,"v.遭遇,遇到,相遇;n.遭遇,遭遇战"
684,encourage,ag 驱使；做 ,"vt.鼓励,怂恿;v.鼓励,鼓励"
685,ending,di 日,"n.结尾,结局"
686,endow,dow 给 ,"v.捐赠,赋予"
687,energetic,erg 做，工作 ,"adj.精力充沛的,积极的"
688,engage,ag 驱使；做 ,"vt.使忙碌,雇佣,预定,使从事于,使参加;vi.答应,从事,交战,[机]接合,啮合"
689,enlighten,light 光，轻，愉快 ,"vt.启发,启蒙,教导,授予...知识,开导,<古>照耀"
690,enormous,norm 规范，正规，正常 ,"adj.巨大的,庞大的,<古>极恶的,凶暴的"
691,enquire,quir 问，求，寻 ,v.询问
692,ensue,su 跟随 ,"vi.跟着发生,继起;vt.(基督教《圣经》用语)追求"
693,entertain,"tain 握 , 持 , 守","vt.娱乐,招待,接受,怀抱;vi.款待"
694,entertainment,ment 记忆 ,"n.款待,娱乐,娱乐表演"
695,enthusiasm,us 使用 ,"n.狂热,热心,积极性,激发热情的事物"
696,entire,tir 拉，引 ,"adj.全部的,完整的,整个"
697,entitle,it 走 ,"vt.给...权利(或资格),给...题名,给...称号;v.授权,授权"
698,entrepreneur,neur 神经 ,"n.<法>企业家,主办人"
699,environment,viron 环路 ,"n.环境,外界"
700,envisage,ag 驱使；做 ,v.正视
701,episode,od 路 ,"n.一段情节,[音]插曲,插话,有趣的事件"
702,equality,alit 养育，成长,"n.等同性,同等,平等,相等,等式"
703,equation,equ 相等 ,"n.相等,平衡,综合体,因素,方程式,等式"
704,equip,equ 相等 ,"vt.装备,配备,训练,准备行装"
705,erect,rect 正，直 ,"adj.直立的,竖立的,笔直的;vt.盖,使竖立,使直立,树立,建立;vi.[生理]勃起"
706,erroneous,us 使用 ,"adj.错误的,不正确的"
707,erupt,rupt 破 ,vt.喷出;vi.爆发
708,escort,cor 心（脏）,"n.护卫(队),护送,陪同(人员),护卫队;v.护卫,护送,陪同"
709,essay,ess 存在 ,"vt.企图,尝试;n.企图,散文,小品文,随笔,短文,评论"
710,essential,esse 存在,"adj.本质的,实质的,基本的,提炼的,精华的;n.本质,实质,要素,要点"
711,establish,st 立，站 ,"vt.建立,设立,安置,使定居,使人民接受,确定;v.建立"
712,establishment,li 绑 ,"n.确立,制定,设施,公司,军事组织"
713,esthetic,st 立，站 ,adj.感觉的
714,evaluate,val 强 ,"vt.评价,估计,求...的值;v.评价"
715,event,vent 来 ,"n.事件,事变,结果,活动,精力,竞赛"
716,evidence,vi 路 ,"n.明显,显著,明白,迹象,根据,[物]证据,证物"
717,evidently,ident 相同 ,"adv.明显地,显然"
718,evil,vi 路 ,"adj.邪恶的,带来麻烦的,不幸的,有害的,诽谤的;n.邪恶,不幸,罪恶"
719,evolution,uti 使用 ,"n.进展,发展,演变,进化"
720,evolve,vol 滚，转 ,"v.(使)发展,(使)进展,(使)进化"
721,exact,act 驱使；做 ,"adj.精确的,准确的,原样的,精密的,严格;vt.强求,急需,要求"
722,exaggerate,ag 驱使；做 ,"v.夸大,夸张"
723,exceedingly,ceed 走,"adv.非常地,极度地"
724,exception,"cept 拿 , 抓","n.除外,例外,反对,异议"
725,exceptional,cep 头 ,"adj.例外的,异常的"
726,excess,ess 存在 ,"n.过度,剩于,无节制,超过,超额;adj.过度的,额外的"
727,exchange,hang 悬挂,"vt.交换,调换,兑换,交流,交易;n.交换,调换,兑换,交流,交易"
728,excitement,cite 召唤 ,"n.刺激,兴奋,激动,搔动"
729,exclude,clud 关闭,"vt.拒绝接纳,把...排除在外,排斥"
730,exclusive,clus 关闭,"adj.排外的,孤高的,唯我独尊的,独占的,唯一的,高级的"
731,excursion,cur 关心，挂念，注意 ,"n.远足,游览,短程旅行,远足队,离题,[物]偏移,漂移"
732,execute,ut 使用 ,"vt.执行,实行,完成,处死,制成,[律]经签名盖章等手续使(证书)生效"
733,executive,uti 使用 ,"adj.实行的,执行的,行政的;n.执行者,经理主管人员"
734,exemplify,pli 装满（的）,"vt.例证,例示,作为...例子"
735,exhaust,haust 抽出 ,"vt.用尽,耗尽,抽完,使筋疲力尽;vi.排气;n.排气,排气装置;adj.用不完的,不会枯竭的"
736,exhibit,hibit 拥有，占据，居住 ,"vt.展出,陈列;n.展览品,陈列品,展品;v.展示"
737,existence,"ten 握 , 持 , 守","n.存在,实在,生活,存在物,实在物"
738,expand,pand 展开,"vt.使膨胀,详述,扩张;vi.张开,发展"
739,expansion,pans 展开 ,"n.扩充,开展,膨胀,扩张物,辽阔,浩瀚"
740,expedition,dit 给 ,"n.远征,探险队,迅速,派遣"
741,expenditure,dit 给 ,"n.支出,花费"
742,experimental,peri 试验，尝试,"adj.实验的,根据实验的"
743,expert,pert 试验，尝试 ,"n.专家,行家,[军](特等)射手;adj.老练的,内行的,专门的;vt.在...中当行家,当专家"
744,expertise,per 相 等 ,"n.专家的意见,专门技术"
745,expire,pir 相 等 ,"v.期满,终止,呼气,断气,届满"
746,explicit,cit 公民，城市 ,"adj.外在的,清楚的,直率的,(租金等)直接付款的"
747,explode,"plo 倍 , 重 , 折叠","vt.使爆炸;vi.爆炸,爆发,破除,推翻,激发"
748,exploit,it 走 ,"vt.开拓,开发,开采,剥削,用以自肥;v.使用"
749,explosion,"plo 倍 , 重 , 折叠","n.爆发,发出,爆炸,[矿]煤气爆炸"
750,export,port 拿，取 ,"vt.输出;n.出口货,输出,出口,出口商品;v.出口"
751,expose,pos 放置 ,"vt.使暴露,受到,使曝光;v.揭露"
752,exposition,it 走 ,"n.博览会,展览会,说明,曝露,[戏]展示部分,[音]呈示部"
753,expression,press 压，按 ,"n.表达,表情,脸色,声调,腔调,榨出,语法,措辞;n.[数]式,表达式,符号"
754,exquisite,quis 问，求，寻 ,"adj.优美的,高雅的,精致的,剧烈的,异常的,细腻的,敏锐的"
755,extend,tend 伸 ,"v.扩充,延伸,伸展,扩大[军]使疏开,给予,提供,演化出的全文,<英>[律]对(地产等)估价"
756,extension,tens 伸 ,"n.延长,扩充,范围;n.扩展名;adj.[逻]外延的,客观现实的"
757,extensive,"ten 握 , 持 , 守","adj.广大的,广阔的,广泛的"
758,extinct,"tin 握 , 持 , 守","adj.熄灭的,灭绝的,耗尽的;vt.<古>使熄灭"
759,extra,tra 拖，拉，拽,"adj.额外的,不包括在价目内的,特大的,特佳的;adv.特别地,非常,另外;n.额外人(或物),(报纸)号外,上等品,(电影)临时演员"
760,extract,act 驱使；做 ,"n.精,汁,榨出物,摘录,选粹;vt.拔出,榨取,开方,求根,摘录,析取,吸取"
761,extraordinary,ord 命令,"adj.非常的,特别的,非凡的,特派的"
762,extravagant,ag 驱使；做 ,"adj.奢侈的,浪费的,过分的,放纵的"
763,eyesight,ig 驱使；做 ,"n.视力,目力"
764,facet,fac 做,"n.(多面体的)面,(宝石等的)刻面,小平面,方面,琢面;vt.在...上刻画"
765,facilitate,"fac 面部 , 正面，前额 ","vt.（不以人作主语的）使容易,使便利,推动,帮助,使容易,促进"
766,facility,it 走 ,"n.容易,简易,灵巧,熟练,便利,敏捷,设备,工具"
767,faculty,cult 耕作 ,"n.才能,本领,能力,全体教员,(大学的)系,科,(授予的)权力"
768,fairly,ly 绑 ,"adv.公正地,正当的,公平对待某人,公平地,相当地,还算,清楚地"
769,faith,it 走 ,"n.信任,信念,宗教信仰,忠实,保证,诺言,约定"
770,fame,fam 声音，说话,"n.名声,名望,传说,<古>传闻;vt.(常用被动语态)使闻名,使有名望,盛传"
771,famine,min 小 ,"n.饥荒,<古>饥饿,严重的缺乏"
772,fantastic,tast 接触 ,"adj.幻想的,奇异的,稀奇古怪的,荒谬的,空想的"
773,fantasy,fan 幻影，幻象,"n.幻想,白日梦"
774,farewell,fare 去 ,"n.辞别,再见,再会;int.再会,别了!(常含有永别或不容易再见面的意思)"
775,fascinate,fasc 捆，束 ,"vt.使着迷,使神魂颠倒;vi.入迷,极度迷人的"
776,fascinating,ting 接触,"adj.迷人的,醉人的,着魔的"
777,fasten,"ten 握 , 持 , 守","vt.扎牢,扣住,闩住,拴紧,使固定,系,集中于,强加于;vi.扣紧,抓住"
778,fate,fat 声音，说话 ,"n.天数,命运,运气;vt.注定,送命"
779,fatigue,ig 驱使；做 ,"n.疲乏,疲劳,累活,[军]杂役;vt.使疲劳,使心智衰弱;vi.疲劳"
780,favourite,it 走 ,"adj.特别喜爱的,中意的;n.特别喜爱的(或物)"
781,feast,st 立，站 ,"n.节日,盛宴,筵席,宴会,酒席;vt.盛宴,款待,享乐,请客;vi.参加宴会,享受"
782,federal,feder 相信 ,"adj.联邦的,联合的,联邦制的,同盟的;n.(南北战争)北部联邦同盟盟员;连邦软件公司,国内正版经销商"
783,federation,rat 计算，推定，理由,"n.同盟,联邦,联合,联盟"
784,feminine,min 小 ,"adj.妇女(似)的,娇柔的,阴性的,女性的"
785,fertile,fer 带来，拿，负担 ,"adj.肥沃的,富饶的,能繁殖的"
786,fertilizer,li 绑 ,"n.肥料(尤指化学肥料),[动]受精媒介物"
787,fibre,fi 相信 ,"n.纤维,构造,纤维制品,[植]须根"
788,fierce,fi 相信 ,"adj.凶猛的,猛烈的,热烈的,暴躁的<美>极讨厌的,难受的,<英方>精力旺盛的"
789,figure,ig 驱使；做 ,"n.外形,体形,图形,画像,数字,形状,身份;vt.描绘,塑造,表示,象征,演算,认为;vi.出现,考虑,出名,扮演角色"
790,finally,all 其它 ,"adv.最后,终于,不可更改地,决定性地"
791,finance,fin 终结，末尾，界限 ,"n.财政,金融,财政学;vt.供给...经费,负担经费;vi.筹措资金"
792,financial,fi 相信 ,"adj.财政的,金融的"
793,finding,di 日,"n.发现,发现物,决定,[律]裁决"
794,fireman,man 手 ,"n.救火队员,消防队员"
795,fisherman,man 停驻 ,"n.渔民,渔夫"
796,fitting,it 走 ,"adj.适合的,相称的,适宜的;n.试穿,试衣,装配,装置"
797,fixture,fi 相信 ,"n.固定设备,预定日期,比赛时间,[机]装置器,工作夹具"
798,flame,"am 爱 , 情爱","n.火焰,光辉,光芒,热情,激情"
799,flat,"lat 拿，持，带来，搬运 , 担负 ","adj.平坦的,扁平的,单调的,干脆的,无聊的;adv.平直地,正好,断然地;n.平面,一层,公寓;v.(使)变平,(使)降半音"
800,flatter,att 适当，适应 ,"vt.过分夸赞,奉承,阿谀,使高兴,使满意,(画,肖像上的形象)胜过(真人或实物)"
801,fling,li 绑 ,"n.投,掷,猛冲,暴躁的行动,急冲,嘲弄,讥笑;vt.猛投,抛,掷,使陷入,挥动,嘲笑,扫视;vi.猛冲,直冲,急行"
802,flock,loc 地方 ,"n.羊群,(禽、畜等的)群,大量,众多;v.聚结"
803,flood,od 路 ,"n.洪水,水灾,(因雨)涨潮,[诗]水;vt.淹没,使泛滥,注满,充满;vi.被水淹,溢出,涌进,喷出,涌出"
804,flourish,ris 笑 ,"vi.繁荣,茂盛,活跃,手舞足蹈,兴旺,处于旺盛时期;vt.挥动,夸耀;n.茂盛,兴旺,华饰,繁荣"
805,fluctuate,flu 流 ,"vi.变动,波动,涨落,上下,动摇;vt.使动摇,使波动,使起伏"
806,fluid,flu 流 ,"n.流动性,流度;adj.流动的,不固定的,可改变的,可另派用场的,流畅的"
807,flush,us 使用 ,"n.奔流,晕红,激动,萌芽,活力旺盛,发烧,一手同花的五张牌,惊鸟;adj.挥霍的,直接的,丰足的,泛滥的;adv.齐平地,直接地;vi.(脸)发红,奔涌,充沛,惊飞;vt.淹没,冲洗,使脸红,使齐平,使惊飞,使激动"
808,foam,"am 爱 , 情爱","n.泡沫,水沫,泡沫材料,泡沫橡皮,泡沫塑料;vi.起泡沫,冒汗水,吐白沫;vt.使起泡沫"
809,footstep,st 立，站 ,"n.脚步,脚步声,一步跨出去的距离"
810,forbid,bi 生命 ,"vt.禁止,不许;v.禁止"
811,forecast,cast 投掷 ,"n.先见,预见,预测,预报;vt.预想,预测,预报,预兆"
812,foremost,st 立，站 ,"adj.(位置或时间)最先的,最初的,最重要的;adv.首要地,首先"
813,forge,org 做，工作 ,"v.稳步前进,铸造,伪造"
814,format,form 形式，格式，形成 ,"n.开本,版式,形式,格式;vt.安排...的格局(或规格),[计]格式化(磁盘)"
815,formation,mat 成熟 ,"n.形成,构成,编队"
816,formidable,form 形式，格式，形成 ,"adj.强大的,令人敬畏的,可怕的,艰难的"
817,formulate,form 形式，格式，形成 ,"vt.用公式表示,明确地表达,作简洁陈述;v.阐明"
818,fort,fort 力量，强壮 ,"n.堡垒,边界上的贸易站"
819,forth,ort 升起 ,"adv.往前,向外"
820,forthcoming,min 小 ,adj.即将来临的;n.来临
821,fortnight,ig 驱使；做 ,n.两星期
822,foster,st 立，站 ,"vt.养育,抚育,培养,鼓励,抱(希望);n.养育者,鼓励者"
823,foundation,found 底，基础 ,"n.基础,根本,建立,创立,地基,基金,基金会"
824,fountain,"tain 握 , 持 , 守","n.泉水,喷泉,源泉"
825,fraction,act 驱使；做 ,"n.小部分,片断,分数"
826,fragile,ag 驱使；做 ,"adj.易碎的,脆的"
827,fragrance,ag 驱使；做 ,"n.芬芳,香气,香味"
828,frame,"am 爱 , 情爱","n.结构,体格;vt.构成,设计,制定,使适合,陷害;vi.<英方>有成功希望;n.帧,画面,框架"
829,frank,"rank 排列 , 顺序 ","adj.坦白的,率直的,老实的;vt.免费邮寄;n.免费邮寄特权"
830,fraud,aud 听 ,"n.欺骗,欺诈行为,诡计,骗子,假货"
831,freight,ig 驱使；做 ,"n.货物,船货,运费,货运;vt.装货,使充满,运送"
832,frequent,frequent 反复 ,"adj.时常发生的,频繁的"
833,frontier,"front 面部 , 正面，前额 ","n.国境,边疆,边境"
834,frost,st 立，站 ,"n.霜,霜冻,严寒;v.结霜"
835,fruitful,it 走 ,"adj.果实结得多的,多产的,富有成效的"
836,frustrate,us 使用 ,"v.挫败,阻挠,使感到灰心,阻止"
837,fulfil,fi 相信 ,"vt.实践,履行,实行,结束,满足,完成,达到"
838,function,un 整体；联合 ,"n.官能,功能,作用,职责,典礼,仪式,[数]函数;vi.(器官等)活动,运行,行使职责"
839,fundamental,fund 底，基础 ,"adj.基础的,基本的;n.基本原则,基本原理"
840,funeral,un 整体；联合 ,"n.葬礼,出殡"
841,furious,us 使用 ,"adj.狂怒的,狂暴的,激烈的,热烈兴奋的,极为激烈"
842,furniture,it 走 ,"n.家具,设备,储藏物"
843,fuse,fus 熔化；倾倒 ,"n.保险丝,熔丝;v.熔合"
844,fusion,us 使用 ,"n.熔化,熔解,熔合,熔接"
845,galaxy,lax 松弛，放松 ,"n.星系,银河,一群显赫的人,一系列光彩夺目的东西"
846,gallery,all 其它 ,"n.走廊、戏院、教堂等中最高的楼座,美术陈列室,画廊,图库"
847,gamble,"am 爱 , 情爱","n.冒险;v.赌博,投机,孤注一掷"
848,garbage,ag 驱使；做 ,"n.垃圾,废物"
849,garlic,li 绑 ,"n.[植]大蒜,(Akkuynsadtium),蒜头"
850,gasoline,sol 单独，太阳 ,n.汽油
851,gene,gen 出生,"n.[遗传]因子,[遗传]基因"
852,generalize,li 绑 ,"vt.归纳,概括,推广,普及"
853,generate,gener 出生,"vt.产生,发生"
854,generator,rat 计算，推定，理由,"n.发电机,发生器"
855,generous,gen 出生,"adj.慷慨的,大方的,有雅量的"
856,genius,gen 出生,"n.天才,天赋,天才人物"
857,geology,log 言，说,"n.地质学,地质概况"
858,germ,ger 运送 ,"n.微生物,细菌"
859,gesture,st 立，站 ,"n.姿态,手势,表示;v.作手势,以手势表示"
860,gigantic,ig 驱使；做 ,"adj.巨人般的,巨大的"
861,given,ven 来,"adj.赠予的,沉溺的,特定的,假设的;vbl.give的过去分词"
862,glamour,"am 爱 , 情爱","n.[亦作glamor]魔力,魅力;v.迷惑"
863,gleam,"am 爱 , 情爱","n.微弱的闪光,一丝光线,瞬息的一现;vi.闪烁,隐约地闪现;vt.使发微光,使闪烁"
864,glide,li 绑 ,"v.滑行,悄悄地走,(时间)消逝,滑翔;n.滑行,滑翔,滑移,滑音"
865,glitter,it 走 ,"vi.闪闪发光,闪烁,闪光;n.闪光"
866,globe,glob 球 ,"n.球体,地球仪,地球,世界"
867,glorious,ori 升起 ,"adj.光荣的,显赫的"
868,goodness,ess 存在 ,"n.仁慈,善良"
869,gorgeous,us 使用 ,"adj.华丽的,灿烂的"
870,govern,govern 管理，统治 ,"v.统治,支配,管理"
871,grace,grac 感谢,"n.优美,雅致,优雅"
872,graceful,grac 感谢,adj.优美的
873,gracious,us 使用 ,"adj.亲切的,高尚的"
874,graduate,grad 步，走 ,"n.(大学)毕业生,研究生;v.(使)(大学)毕业"
875,gram,gram 写，画，文字，图形 ,"n.克,[植]鹰嘴豆(用作饲料)"
876,grammar,"am 爱 , 情爱","n.文法,有关原理的书,入门的书"
877,graph,graph 写，画，文字，图形,"n.图表,曲线图"
878,grateful,grat 感谢,"adj.感激的,感谢的"
879,gratitude,rat 计算，推定，理由,n.感谢的心情
880,gravity,vit 活,"n.地心引力,重力"
881,grease,gre 步，走 ,"n.油脂,贿赂;vt.涂脂于,<俗>贿赂"
882,greenhouse,gree 感谢 ,"n.温室,花房"
883,grocer,oce 住所，经济，生态 ,"n.食品商,杂货店"
884,guardian,di 日,"n.护卫者,保护人,监护人;adj.守护的"
885,guideline,li 绑 ,n.方针
886,guitar,it 走 ,"n.吉他,六弦琴;vi.弹吉他"
887,gymnasium,gymn 运动，体育 ,"n.健身房,体育馆"
888,hammer,"am 爱 , 情爱","n.铁锤,槌,锤子;v.锤击,锤打"
889,handbag,ag 驱使；做 ,n.手提包
890,handicap,cap 头 ,"n.障碍,阻碍,障碍赛跑;v.妨碍,使不利,阻碍"
891,handwriting,ting 接触,"n.笔迹,书写体,书法,笔势"
892,harmony,mon 提醒，警告，单一，公共 ,"n.协调,融洽"
893,harness,ess 存在 ,"n.(全套)马具,系在身上的绳子,甲胄;vt.上马具,披上甲胄,利用(河流、瀑布等)产生动力(尤指电力)"
894,haste,st 立，站 ,"n.匆忙,急忙"
895,haunt,un 整体；联合 ,v.神鬼出没
896,heading,di 日,n.标题
897,headline,li 绑 ,n.大字标题
898,heighten,"ten 握 , 持 , 守","v.提高,升高"
899,helicopter,helic 旋 ,"n.直升(飞)机,直升机"
900,helpless,ple 装满（的）,"adj.无助的,无能的,没用的"
901,henceforth,fort 力量，强壮 ,"adv.自此以后,今后"
902,heritage,tag 接触,"n.遗产,继承权,传统"
903,hesitate,sit 坐,"v.犹豫,踌躇,不愿"
904,hierarchy,rar 稀有 ,"n.层次,层级"
905,highlight,ig 驱使；做 ,"n.加亮区,精彩场面,最显著(重要)部分;vt.加亮,使显著,以强光照射,突出"
906,highway,ig 驱使；做 ,"n.公路,大路"
907,historian,histor 叙事，历史 ,"n.历史学家,史家"
908,historic,ori 升起 ,"adj.历史上著名的,有历史性的"
909,historical,tor 扭，拧 ,"adj.历史(上)的,有关历史的"
910,hitherto,it 走 ,"adv.迄今,至今"
911,hoist,st 立，站 ,"n.提升间,升起"
912,holy,ly 绑 ,"adj.神圣的,圣洁的;n.神圣的东西"
913,homogeneous,us 使用 ,"adj.同类的,相似的,均一的,均匀的"
914,honourable,hono 荣誉 ,"adj.可敬的,荣誉的,光荣的"
915,hopeless,ess 存在 ,"adj.没有希望的,绝望的,不可救药"
916,horizon,hor 怕 ,"n.地平线;n.地平(线),(知识,思想等的)范围,视野"
917,horizontal,zo 动物 ,"adj.地平线的,水平的"
918,horrible,hor 怕 ,"adj.可怕的,恐怖的,讨厌的"
919,horsepower,pow 力量，能力 ,n.马力
920,hospitality,hospit 客人，主人，敌人 ,"n.好客,宜人,盛情"
921,hostage,host 客人，主人，敌人 ,"n.人质,抵押品"
922,hostile,sti 刺，扑灭 ,"adj.敌对的,敌方的;n.敌对"
923,hound,un 整体；联合 ,"n.猎犬;vt.带猎犬狩猎,卑鄙的人,追捕,激励,使追逐"
924,household,us 使用 ,"n.一家人,家庭,家族,王室;adj.家庭的,家族的,家属的,普通的,平常的"
925,hum,hum 人；土地；人类；卑下；湿 ,"v.嗡嗡叫,哼;n.嗡嗡声,吵杂声"
926,humanity,it 走 ,"n.人性,人类,博爱,仁慈"
927,humidity,dit 给 ,"n.湿气,潮湿,湿度<美>沼泽中的肥沃高地"
928,humorous,mor 死 ,"adj.富幽默感的,滑稽的,诙谐的,想入非非的,异想天开的"
929,humour,hum 人；土地；人类；卑下；湿 ,"n.幽默,诙谐"
930,hunt,un 整体；联合 ,"v.打猎,猎取,搜索,搜寻,猎获;n.打猎,猎取,搜索,搜寻,狩猎"
931,hut,ut 使用 ,"n.小屋,棚屋"
932,hypothesis,pot 力量，能力,n.假设
933,hysterical,st 立，站 ,"a歇斯底里的,异常兴奋的"
934,identical,ident 相同 ,"adj.同一的,同样的"
935,identification,fic 做,"n.辨认,鉴定,证明,视为同一"
936,identify,fy 相信 ,"vt.识别,鉴别,把...和...看成一样;v.确定"
937,ideology,log 言，说,n.意识形态
938,idiom,di 日,"n.成语,方言,土语,习惯用语"
939,ignite,it 走 ,"v.点火,点燃"
940,ignorance,ig 驱使；做 ,"n.无知,不知"
941,ignorant,gn 出生,adj.无知的
942,illegal,leg 采集，读，说，法律 ,"adj.违法的,不合规定的"
943,illuminate,nat 出生 ,"vt.照明,照亮,阐明,说明,使灿烂,以灯火装饰(街道等);vi.照亮"
944,illusion,us 使用 ,n.幻想
945,illustration,ratio 计算，推定，理由 ,"n.说明,例证,例子,图表,插图,图解"
946,image,imag 图像,"n.图象,肖像,偶像,形象化的比喻,极为相象,映像,典型;vt.想象,作...的像,反映,象征"
947,imaginary,ag 驱使；做 ,"adj.假想的,想象的,虚构的"
948,imaginative,imag 图像,"adj.想象的,虚构的"
949,imitate,imit 图像 ,"vt.模仿,仿效,仿制,仿造;v.模仿"
950,imitation,mit 投，送，发 ,"n.模仿,效法,冒充,赝品,仿造物"
951,immediately,ly 绑 ,"adv.立即,马上,直接地"
952,immerse,mers 沉，没 ,"vt.沉浸,使陷入"
953,immigrant,migr 迁移 ,"adj.(从外国)移来的,移民的,移居的;n.移民,侨民"
954,immune,mun 公共 ,adj.免疫的
955,impact,act 驱使；做 ,"n.碰撞,冲击,冲突,影响,效果;vt.挤入,撞击,压紧,对...发生影响"
956,impart,part 分，部分 ,"vt.给予(尤指抽象事物),传授,告知,透露"
957,impatient,pat 感受,"adj.不耐烦的,急躁的,不耐心的"
958,imperative,per 相 等 ,"n.命令,诫命,需要,规则,祈使语气;adj.命令的,强制的,紧急的,必要的,势在必行的,[语法]祈使的"
959,impetus,pet 追求 ,"n.推动力,促进"
960,implication,"plic 倍 , 重 , 折叠","n.牵连,含意,暗示"
961,implicit,cit 召唤 ,"adj.暗示的,盲从的,含蓄的,固有的,不怀疑的,绝对的"
962,imply,ply 装满（的）,"vt.暗示,意味"
963,import,ort 升起 ,"n.进口货(常用复数),进口,输入,意思,重要性;vt.输入,进口,含...的意思,重要,引入;vi.有关系,有重要性"
964,impose,pos 放置 ,"vt.征税,强加,以...欺骗;vi.利用,欺骗,施影响"
965,impression,press 压，按 ,"n.印象,感想,盖印,压痕"
966,impressive,ess 存在 ,"adj.给人深刻印象的,感人的"
967,improvement,ment 记忆 ,"n.改进,进步"
968,inaugurate,nau 船，航行，海员 ,"vt.举行就职典礼,创新,开辟,举行开幕(落成、成立)典礼."
969,incidence,cid 降落 ,"n.落下的方式,影响范围,[物理]入射"
970,incidentally,ident 相同 ,"adv.附带地,顺便提及"
971,incline,clin 倾 ,"n.倾斜,斜坡,斜面;vt.使倾向于,使倾斜;vi.倾向,倾斜"
972,include,clud 关闭,"vt.包括,包含"
973,inclusive,clus 关闭,"adj.包含的,包括的"
974,incorporate,cor 心（脏）,"adj.合并的,结社的,一体化的;vt.合并,使组成公司,具体表现;vi.合并,混合,组成公司;vt.[律]结社,成为法人组织"
975,increasingly,cre 辨别 ,"adv.日益,愈加"
976,incredible,di 日,adj.<口>难以置信的
977,indefinite,fin 终结，末尾，界限 ,"adj.模糊的,不确定的,[语]不定的"
978,indicate,dic 言，说 ,"vt.指出,显示,象征,预示,需要,简要地说明"
979,indication,di 日,"n.指出,指示,迹象,暗示"
980,indifferent,fer 带来，拿，负担 ,adj.无关紧要的
981,indignant,ig 驱使；做 ,"adj.愤怒的,愤慨的"
982,indignation,gn 出生,"n.愤慨,义愤"
983,indirect,di 日,"adj.间接的,迂回的"
984,individual,divid 分 ,"n.个人,个体;adj.个别的,单独的,个人的"
985,induce,duc 引导 ,"vt.劝诱,促使,导致,引起,感应"
986,industrial,st 立，站 ,"adj.工业的,产业的,实业的,从事工业的;n.工业工人,[商]工业股票"
987,industrialize,us 使用 ,vt.使工业化;vi.工业化
988,inevitable,vit 活,"adj.不可避免的,必然的"
989,infant,fan 幻影，幻象,"n.婴儿,幼儿;adj.婴儿的,幼稚的"
990,infectious,fec 做,"adj.有传染性的,易传染的,有感染力的"
991,infer,fer 带来，拿，负担 ,v.推断
992,inferior,fer 带来，拿，负担 ,"adj.下等的,下级的,差的,次的,自卑的,劣等的"
993,infinite,it 走 ,"n.无限的东西(如空间、时间),[数]无穷大;adj.无穷的,无限的,无数的,极大的"
994,inflict,li 绑 ,v.造成
995,influential,flu 流 ,"adj.有影响的,有势力的"
996,ingenious,gen 出生,"adj.机灵的,有独创性的,精制的,具有创造才能"
997,ingredient,di 日,"n.成分,因素"
998,inhabit,bi 生命 ,"vt.居住于,存在于,占据,栖息"
999,inherit,it 走 ,"vt.继承,遗传而得"
1000,inhibit,bi 生命 ,"抑制,约束,[化][医]抑制"
1001,initiate,it 走 ,"vt.开始,发动,传授;v.开始,发起"
1002,inject,jec 投掷,"vt.注射,注入"
1003,injure,jur 法律,"vt.损害,伤害;v.伤害"
1004,innocent,cent 百 ,"adj.(～of)清白的,无罪的,天真的,无知的"
1005,input,put 数，计算，考虑 ,n.输入;v.输入
1006,inquiry,quir 问，求，寻 ,"n.质询,调查"
1007,insect,sect 切 ,"n.昆虫,卑鄙的人;adj..虫的,虫子一样的,对付虫子的"
1008,insight,ig 驱使；做 ,"n.洞察力,见识"
1009,inspect,spect 看,"vt.检查,视察;"
1010,inspiration,ratio 计算，推定，理由 ,n.灵感
1011,inspire,spi 看,"vt.吸(气),鼓舞,感动,激发,启示,使生灵感,产生;vi.吸入,赋予灵感"
1012,install,all 其它 ,"vt.安装,安置,使就职"
1013,installation,st 立，站 ,"n.[计]安装,装置,就职"
1014,instance,st 立，站 ,"n.实例,建议,要求,情况,场合;vt.举...为例,获得例证"
1015,instantaneous,st 立，站 ,"adj.瞬间的,即刻的,即时的"
1016,instinct,stinct 刺，扑灭 ,n.本能
1017,institute,sti 刺，扑灭 ,"n.学会,学院,协会;vt.创立,开始,制定,开始(调查),提起(诉讼)"
1018,institution,st 立，站 ,"n.公共机构,协会,制度"
1019,instruction,struct 建造 ,"n.指示,用法说明(书),教育,指导,指令"
1020,instrument,ment 记忆 ,"n.工具,手段,器械,器具,手段"
1021,instrumental,st 立，站 ,"adj.仪器的,器械的,乐器的"
1022,insulate,su 跟随 ,"vt.使绝缘,隔离"
1023,insurance,sur 确定 ,"n.保险,保险单,保险业,保险费"
1024,insure,su 跟随 ,vt.给...保险;v.确保
1025,integral,teg 掩盖，掩护 ,"adj.完整的,整体的,[数学]积分的,构成整体所需要的;n.[数学]积分,完整,部分"
1026,integrate,rat 计算，推定，理由,"vt.使成整体,使一体化,求...的积分;v.结合"
1027,integrity,it 走 ,"n.正直,诚实,完整,完全,完整性"
1028,intellectual,lect 采集，读，说，法律,"adj.智力的,有智力的,显示智力的;n.知识分子"
1029,intelligence,lig 采集，读，说，法律,"n.智力,聪明,智能"
1030,intelligent,lig 绑 ,"adj.聪明的,伶俐的,有才智的,[计]智能的"
1031,intelligible,ig 驱使；做 ,adj.可理解的
1032,intense,tens 伸 ,"adj.强烈的,剧烈的,热切的,热情的,激烈的"
1033,intensify,"ten 握 , 持 , 守",vt.加强;vi.强化
1034,intensity,it 走 ,"n.强烈,剧烈,强度,亮度"
1035,intent,"tent 握 , 持 , 守","n.意图,目的,意向,[律](犯罪或侵权行为的)故意;adj.专心的,决心的,热心的"
1036,intention,tent 尝试，触摸 ,"n.意图,目的"
1037,interact,act 驱使；做 ,"vi.互相作用,互相影响"
1038,intercourse,cours 跑 ,"n.交往,交流"
1039,interest,st 立，站 ,"n.兴趣,关心,重要性,影响,利息,利益,利害;vt.使发生兴趣,引起...的注意"
1040,interference,fer 带来，拿，负担 ,"n.冲突,干涉"
1041,intermediate,medi 中间 ,adj.中间的;n.媒介
1042,intermittent,term 限定，界线，末端,"adj.间歇的,断断续续的"
1043,interrupt,rupt 破 ,"vt.打断(在说话或动作人),中断,妨碍,插嘴;vi.打断(别人的话或行动);n.(发给电脑的)中断信号"
1044,intersection,sec 跟随 ,"n.[数]交集,十字路口,交叉点"
1045,interval,val 强 ,"n.间隔,距离,幕间休息;n.时间间隔"
1046,interview,vi 路 ,"vt.接见,会见;n.接见,会见"
1047,intrigue,ig 驱使；做 ,"n.阴谋,诡计;vi.密谋,私通;vt.激起...的兴趣,用诡计取得"
1048,introduction,duct 引导,"n.介绍,传入,初步,导言,绪论,入门"
1049,intuition,it 走 ,"n.直觉,直觉的知识"
1050,invalid,ali 其它 ,"n.病人,残废者;adj.有病的,残废的"
1051,invaluable,val 强 ,"adj.无价的,价值无法衡量的"
1052,invariably,ly 绑 ,"adv.不变地,总是;n.总是"
1053,invent,vent 来 ,"vt.发明,创造;v.发明"
1054,invention,ven 来,"n.发明,创造"
1055,invert,vert 转 ,"adj.转化的;vt.使颠倒,使转化;n.颠倒的事物"
1056,invest,st 立，站 ,"v.投(资),购买(有用之物)～,授予,投资"
1057,investigate,ig 驱使；做 ,"v.调查,研究"
1058,invisible,vi 路 ,"adj.看不见的,无形的"
1059,involve,volv 滚，转 ,"vt.包括,笼罩,潜心于,使陷于"
1060,irrespective,spect 看,"adj.不顾的,不考虑的,无关的"
1061,irrigation,ig 驱使；做 ,"n.灌溉,冲洗"
1062,isolate,"lat 拿，持，带来，搬运 , 担负 ","vt.使隔离,使孤立,使绝缘,离析;n.隔离种群"
1063,issue,su 跟随 ,"n.出版,发行,论点,问题,结果,(水血)流出;vi.发行,流出,造成...结果,辩护,传下;vt.使流出,放出,发钞,发令,出书;[律]子女,后嗣"
1064,item,it 走 ,"n.(可分类或列举的)项目,条款,(消息、情报等的)一则,一条"
1065,jealous,us 使用 ,"adj.妒忌的,猜疑的,警惕的,嫉妒的"
1066,jeopardize,par 生 ,v.危害
1067,jet,jet 投掷 ,"n.喷射,黑玉;v.喷射;adj.黑玉色的,墨黑的;喷气机"
1068,journal,journ 一天 ,"n.定期刊物,杂志,航海日记,分类账"
1069,journalist,ali 其它 ,"n.新闻记者,从事新闻杂志业的人"
1070,judgement,ment 记忆 ,"n.审判,判决,判断力,意见,看法,评价"
1071,junction,un 整体；联合 ,"n.连接,接合,交叉点,汇合处"
1072,junior,uni 整体；联合 ,"n.年少者,晚辈,下级,(年龄、职位等)较低者,大学三年级学生;adj.年少的,下级的,后进的"
1073,junk,un 整体；联合 ,"n.垃圾,舢板"
1074,justice,sti 刺，扑灭 ,"n.正义,正当,公平,正确,司法,审判,欣赏"
1075,justification,jus 法律 ,"n.认为有理,认为正当,理由,辩护,释罪"
1076,justify,st 立，站 ,v.证明...是正当的
1077,kindergarten,art 艺术，关节 ,"n.幼儿园;adj.幼儿园的,初级的,启蒙阶段的"
1078,kindness,ess 存在 ,"n.仁慈,亲切,好意,善意"
1079,kit,it 走 ,"n.成套工具,用具包,工具箱,成套用具"
1080,knit,it 走 ,"v.编织,密接,结合"
1081,laboratory,rat 计算，推定，理由,n.实验室
1082,lag,ag 驱使；做 ,"n.落后,囚犯,迟延,桶板,防护套;adj.最后的;vi.缓缓而行,滞后;vt.落后于,押往监狱,加上外套"
1083,lamb,"am 爱 , 情爱","n.小羊,羔羊;v.生小羊"
1084,landlord,ord 命令,"n.房东,地主,(旅馆等的)老板"
1085,largely,ly 绑 ,"adv.主要地,大量地,很大程度上"
1086,latent,"tent 握 , 持 , 守","adj.潜在的,潜伏的,隐藏的;n.隐约的指印"
1087,latitude,lati 宽 ,"n.纬度,范围,(用复数)地区,行动或言论的自由(范围)"
1088,latter,"lat 拿，持，带来，搬运 , 担负 ","adj.后面的,(两者中)后者的,较后的,近来的"
1089,launch,un 整体；联合 ,"n.下水,汽艇,发射,发行,投放市场;vt.使(船)下水,掷(标枪等),发射(导弹火箭等),开办,发动,发起;vi.起飞,下水,投入,开始"
1090,lavatory,tor 扭，拧 ,"n.厕所,<主英>抽水马桶,<美>洗脸盆,浴室"
1091,layman,man 手 ,n.外行
1092,layout,ut 使用 ,"n.规划,设计,(书刊等)编排,版面,配线,企划,设计图案,(工厂等的)布局图,版面设计"
1093,leading,di 日,"adj.领导的,第一位的,最主要的"
1094,legal,leg 采集，读，说，法律 ,"adj.法律的,法定的,合法"
1095,legend,gen 出生,"n.传说,伟人传,图例;联想集团，中国最大的国有品牌微机制造商之一"
1096,legitimate,leg 采集，读，说，法律 ,"adj.合法的,合理的,正统的;v.合法"
1097,leisure,su 跟随 ,"n.空闲,闲暇,悠闲,安逸"
1098,lest,st 立，站 ,"conj.唯恐,以免,免得,(用于fear,beafraid之后,等于that)"
1099,liability,it 走 ,"n.责任,义务,倾向,债务,负债,与assets相对"
1100,liable,li 绑 ,"adj.有责任的,有义务的,易...的,有...倾向的,负有责任的,很有可能的"
1101,liberate,rat 计算，推定，理由,"v.解放,释放"
1102,liberty,li 绑 ,"n.自由,特权,随意,冒失,冒昧,失礼"
1103,license,li 绑 ,"n.许可(证),执照;vt.许可,特许;v.许可"
1104,lid,li 绑 ,"n.盖子,<美口>限制,眼睑;vt.给...盖盖子"
1105,lightning,light 光，轻，愉快 ,n.闪电;(“闪电”)英国第一种超音速喷气式战斗机，英60年代的主力机种。
1106,likelihood,od 路 ,"n.可能,可能性"
1107,likely,li 绑 ,"adj.很可能的,合适的,可靠的,有希望的;adv.或许,很可能"
1108,limb,lim 界限 ,"n.肢,翼,分支"
1109,limitation,mit 投，送，发 ,"n.限制,局限性"
1110,limited,it 走 ,"adj.有限的,狭窄的,缺乏创见的;n.高级快车"
1111,limp,li 绑 ,"adj.柔软的,易曲的;vi.跛行"
1112,linen,li 绑 ,"n.亚麻布,亚麻制品,亚麻纤维制成的优质纸;adj.亚麻布制的,亚麻的"
1113,linger,ger 运送 ,"v.逗留,闲荡,拖延,游移"
1114,link,li 绑 ,"n.链环,连结物,火把,链接;vt.连结,联合,挽;vi.连接起来"
1115,liquor,liqu 液体 ,"n.液体,汁，酒精饮料,[药]溶液;vt.浸水;vi.喝酒"
1116,liter,it 走 ,n.公升
1117,literacy,li 绑 ,n.有文化，有教养，有读写能力
1118,literary,liter 文字 ,"adj.文学(上)的,从事写作的,文艺的,精通文学的,书本的"
1119,literature,rat 计算，推定，理由,"n.文学(作品),文艺,著作,文献"
1120,litter,it 走 ,"n.垃圾,(供动物睡眠或防冻用的)干草,树叶,(一)窝,轿,担架;vt.乱丢,铺草,弄乱;vi.产仔,乱丢垃圾"
1121,liver,li 绑 ,n.居住者，生活优裕的人，肝脏
1122,local,loc 地方 ,"adj.地方的,当地的,局部的,乡土的;n.当地居民,本地新闻,慢车,局部"
1123,locality,it 走 ,"n.位置,地点"
1124,location,loc 地方 ,"n.位置,场所,特定区域，<美>[电影]外景拍摄场地"
1125,lodge,od 路 ,"n.门房,(猎人住)山林小屋,(游览区)旅馆,(地方社团)集会处;vi.临时住宿,寄宿(某人家);vt.容纳,寄存,把...射入,存放,(向有关当局)提出(声明)"
1126,log,log 言，说,"n.航行日志,原木,园形木材,园木;v.把...记入航行日志,伐木,把...锯成段"
1127,logical,log 言，说,"adj.合乎逻辑的,合理的"
1128,longevity,it 走 ,"n.长命,寿命，供职期限，资历"
1129,lord,ord 命令,"n.封建领主,地主,统治者,[宗]上帝;vi.称王称霸,作威作福;vt.使成贵族"
1130,lounge,un 整体；联合 ,"n.闲逛,休闲室,长沙发;vi.闲荡,懒洋洋地躺卧;vt.虚度光阴"
1131,luggage,ag 驱使；做 ,"n.行李,皮箱"
1132,luminous,us 使用 ,"adj.发光的,明亮的"
1133,lunar,un 整体；联合 ,"adj.月的,月亮的"
1134,magic,ag 驱使；做 ,"n.魔法,巫术,戏法;adj.魔术的,有魔力的,不可思议的"
1135,magnet,magn 伟大， 壮大 ,"n.磁体,磁铁"
1136,magnetic,gn 出生,"adj.磁的,有磁性的,有吸引力的"
1137,magnificent,ag 驱使；做 ,"adj.华丽的,高尚的,宏伟的"
1138,magnitude,magn 伟大， 壮大 ,"n.大小,数量,巨大,广大,量级"
1139,mainland,main 停驻 ,n.大陆
1140,maintenance,main 停驻 ,"n.维护,保持,生活费用,扶养"
1141,majesty,maj 伟大， 壮大 ,"n.最高权威,王权,雄伟"
1142,majority,maj 伟大， 壮大 ,"n.多数,大半;n.[律]成年"
1143,mall,all 其它 ,"n.购物商场,商业街,林荫路"
1144,management,man 停驻 ,"n.经营,管理,处理,操纵,驾驶,手段"
1145,manifest,man 手 ,"n.载货单,旅客名单;adj.显然的,明白的;vi.出现;vt.表明,证明"
1146,manipulate,man 停驻 ,"vt.(熟练地)操作,使用(机器等),操纵(人或市价,市场),利用,应付,假造;vt.(熟练地)操作,巧妙地处理"
1147,manner,man 手 ,"n.礼貌,风格,方式,样式,习惯"
1148,mansion,man 停驻 ,"n.大厦,官邸,公寓(用复数,用于专有名词中)"
1149,manufacture,manu 手,"vt.制造,加工;n.制造,制造业,产品"
1150,manufacturer,fac 做,"n.制造业者,厂商"
1151,manuscript,man 手 ,"n.手稿,原稿"
1152,margin,marg 作记号，边界 ,"n.页边的空白,(湖、池等的)边缘,极限,利润,差数,(时间、金额等的)富余;vt.加边于,加旁注于"
1153,market,mark 作记号，边界 ,"n.市场,销路,行情;vt.在市场上交易,使上市;vi.在市场上买卖"
1154,marriage,ag 驱使；做 ,"n.结婚,婚姻,婚姻生活,密切结合,合并"
1155,marvelous,us 使用 ,"adj.引起惊异的,不可思议的,非凡的"
1156,masculine,li 绑 ,"adj.男性的,男子气概的,[语法]阳性的;n.男子,男孩"
1157,massacre,cre 增长，生长，产生,"n.残杀,大屠杀;v.残杀,集体屠杀"
1158,masterpiece,master 掌控 ,"n.杰作,名著"
1159,mat,mat 成熟 ,"n.席子,垫子;v.铺席子"
1160,material,mater 母 ,"n.材料,原料,物资,素材,布料;adj.物质的,肉体的,具体的,重要的,实质性的"
1161,mathematical,mat 成熟 ,"adj.数学的,精确的"
1162,mature,mat 成熟 ,"adj.成熟的,到期的,充分考虑的,(票据等)到期的;vt.使成熟;vi.成熟,到期"
1163,meadow,dow 给 ,"n.草地,牧场"
1164,measure,"meas 计量 , 测量 ","n.尺寸,量度器,量度标准,方法,测量,措施;vt.测量,测度,估量,分派,权衡,调节;vi.量"
1165,measurement,ment 记忆 ,"n.测量法,度量,(量得的)尺寸,度量单位制"
1166,media,medi 中间 ,n.媒体
1167,mediate,di 日,"v.仲裁,调停,作为引起...的媒介,居中调停"
1168,medium,medi 中间 ,"n.媒体,方法,媒介;adj.中间的,中等的,半生熟的"
1169,melody,od 路 ,n.悦耳的音调
1170,memorial,memor 记忆 ,"n.纪念物,纪念馆,纪念议事,请愿书;adj.记念的,记忆的"
1171,memorize,ori 升起 ,"v.[亦作memorise]记住,记忆"
1172,mental,ment 记忆 ,"adj.精神的,智力的"
1173,merchant,chant 歌唱 ,"n.商人,批发商,贸易商,店主;adj.商业的,商人的"
1174,mercury,cur 关心，挂念，注意 ,"n.水银,汞,[罗神]墨丘利神(众神的信使)"
1175,merely,ly 绑 ,"adv.仅仅,只,不过"
1176,merit,it 走 ,"n.优点,价值;v.有益于"
1177,mess,ess 存在 ,"n.混乱,脏乱;v.弄乱"
1178,metallic,all 其它 ,adj.金属(性)的
1179,metropolitan,polit 城市 ,"adj.首都的,主要都市的,大城市"
1180,microphone,phon 声音，说话,"n.扩音器,麦克风"
1181,midst,st 立，站 ,n.中间;prep.在...中间
1182,migrant,ig 驱使；做 ,"n.候鸟,移居者"
1183,militant,milit 兵 ,"adj.好战的,积极从事或支持使用武力的"
1184,military,it 走 ,"adj.军事的,军用的"
1185,millimetre,"metr 计量 , 测量 ",n.毫米
1186,millionaire,li 绑 ,"n.百万富翁,大富豪"
1187,mingle,min 小 ,v.(使)混合
1188,minibus,min 小 ,"n.中客车,小型公共汽车(我国俗称面包车,乘员10人左右)"
1189,minimize,min 小 ,vt.将...减到最少;v.最小化
1190,minister,min 小 ,"n.部长,大臣"
1191,ministry,st 立，站 ,n.(政府的)部门
1192,minority,ori 升起 ,"n.少数,少数民族"
1193,minus,min 小 ,"adj.负的,减的;prep.减去;n.负数"
1194,misfortune,fortun 财富 ,"n.不幸,灾祸"
1195,missile,miss 投，送，发,"n.导弹,发射物"
1196,mission,miss 投，送，发,"n.使命,任务,使团,代表团"
1197,mist,st 立，站 ,n.薄雾
1198,misunderstand,un 整体；联合 ,"vt.误解,误会"
1199,mob,mob 移动 ,"n.(集合词)暴徒,乌合之众,(盗贼等的)一群;v.成群暴动,聚众滋扰"
1200,mobile,bi 生命 ,"adj.可移动的,易变的,机动的;n.运动物体"
1201,mobilize,li 绑 ,v.动员
1202,moderate,rat 计算，推定，理由,"adj.中等的,适度的,适中的;v.缓和"
1203,modest,mod 量器 ,"adj.谦虚的,谦让的,适度的"
1204,modify,fy 相信 ,"vt.更改,修改;v.修改"
1205,module,od 路 ,"n.模数,模块,登月舱,指令舱"
1206,moisture,st 立，站 ,"n.潮湿,湿气"
1207,molecule,ecu 住所，经济，生态 ,"n.[化]分子,些微"
1208,monetary,mon 提醒，警告，单一，公共 ,"adj.货币的,金钱的"
1209,monitor,tor 扭，拧 ,"n.班长,监听器,监视器,监控器;vt.监控;v.监控"
1210,monopoly,ly 绑 ,"n.垄断,垄断者,专利权,专利事业"
1211,monument,ment 记忆 ,n.纪念碑
1212,mood,od 路 ,"n.心情,情绪,语气,状态"
1213,morality,alit 养育，成长,adj.道德的;n.道德
1214,moreover,mor 死 ,"adv.而且,此外"
1215,mortgage,mort 死 ,n.抵押;v.抵押
1216,mosquito,it 走 ,n.蚊子
1217,motion,mot 移动 ,"n.运动,动作;v.运动"
1218,motive,mot 移动 ,"n.动机,目的;adj.发动的,运动的"
1219,motor,tor 扭，拧 ,"n.发动机,电动机"
1220,mount,un 整体；联合 ,"n.乘用马,衬纸,山,装配;vi.乘马,爬上,增长;vt.爬上,使上马,装上,设置,安放,制作...的标本,上演"
1221,multiple,ple 装满（的）,"adj.多样的,多重的;n.倍数,若干;v.成倍增加"
1222,multiply,"ply 倍 , 重 , 折叠","v.繁殖,乘,增加"
1223,multitude,it 走 ,"n.多数,群众"
1224,muscle,mus 音乐，娱乐 ,"n.肌肉,臂力,(可供食用的)瘦肉,[解]肌"
1225,muscular,us 使用 ,"adj.肌肉的,强健的"
1226,mushroom,mus 音乐，娱乐 ,"n.蘑菇,<古>暴发户;vi.迅速生长,迅速增加,采蘑菇;adj.蘑菇形的,迅速生长的"
1227,musician,us 使用 ,n.音乐家
1228,mutter,ut 使用 ,"n.咕哝,嘀咕;v.咕哝,嘀咕"
1229,mysterious,myst 神秘 ,adj.神秘的
1230,mystery,st 立，站 ,"n.神秘,神秘的事物"
1231,myth,yt 分，解，溶，散 ,"n.神话,神话式的人物(或事物),虚构的故事,荒诞的说法"
1232,namely,ly 绑 ,"adv.即,也就是"
1233,narrative,rat 计算，推定，理由,adj.叙述性的;n.叙述
1234,nasty,st 立，站 ,"adj.污秽的,肮脏的,令人厌恶的,淫秽的,下流的,凶相的,威胁的"
1235,nationality,it 走 ,"n.国籍,国家,部落,民族,民族性"
1236,naturally,ly 绑 ,adv.自然地
1237,naval,nav 船，航行，海员 ,adj.海军的
1238,navigation,ig 驱使；做 ,"n.航海,航空,导航,领航,航行"
1239,necessarily,cess 走 ,adv.必要地
1240,necessitate,nec 伤害 ,v.成为必要
1241,necessity,sit 坐,"n.必要性,需要,必需品"
1242,neglect,lect 采集，读，说，法律,"vt.忽视,疏忽,漏做;n.忽视,疏忽,漏做"
1243,negligible,lig 采集，读，说，法律,"adj.可以忽略的,不予重视的"
1244,neighbourhood,ig 驱使；做 ,n.邻居关系(美作：neighborhood)
1245,nerve,nerv 神经,"n.神经,胆量,勇气,叶脉;vt.鼓起勇气"
1246,nest,st 立，站 ,"n.巢,窝,休息所,隐匿处,舒适的地方,(可以一个套一个的)一套器具;vi.筑巢,找鸟巢;vt.造巢,使套入"
1247,neutral,tra 拖，拉，拽,"n.中立者,中立国,非彩色,齿轮的空档;adj.中立的,中立国的,中性的,无确定性质的,(颜色等)不确定的"
1248,nickname,"am 爱 , 情爱","n.诨号,绰号,昵称;vt.给...取绰号,给...起浑名"
1249,nightmare,ig 驱使；做 ,"n.梦魇,恶梦,可怕的事物"
1250,nitrogen,gen 出生,n.[化]氮
1251,nominal,min 小 ,"adj.名义上的,有名无实的,名字的,[语]名词性的;n.名词性词"
1252,nonetheless,ess 存在 ,"adv.虽然如此,但是"
1253,norm,norm 规范，正规，正常 ,"n.标准,规范"
1254,normally,norm 规范，正规，正常 ,"adv.正常地,通常地"
1255,notify,fy 相信 ,v.通报
1256,notorious,ori 升起 ,adj.声名狼籍的
1257,notwithstanding,st 立，站 ,"prep.虽然,尽管;adv.尽管,还是;conj.虽然,尽管"
1258,nuclear,clear 清楚，明白 ,"adj.[核]核子的,原子能的,核的,中心的"
1259,nucleus,us 使用 ,"[nuclear的复数,见nuclear];n.核子"
1260,numerous,us 使用 ,"adj.众多的,许多的,无数的"
1261,nutrition,ut 使用 ,"n.营养,营养学"
1262,obedient,di 日,"adj.服从的,孝顺的"
1263,object,jec 投掷,"n.物体,目标,宾语,对象;vi.反对,拒绝,抗议;vt.提出...来反对"
1264,objective,jec 投掷,"n.目标,目的,(显微镜的)(接)物镜,[语法]宾格;adj.客观的,[语法]宾格的"
1265,obligation,ig 驱使；做 ,"n.义务,职责,债务"
1266,oblige,li 绑 ,"vt.迫使,责成"
1267,obscure,cur 关心，挂念，注意 ,"adj.暗的,朦胧的,模糊的,晦涩的;vt.使暗,使不明显"
1268,observe,serv 观看，服务，保留 ,"vt.观察,观测,遵守,评述,说"
1269,obstacle,st 立，站 ,"n.障碍,妨害物"
1270,obvious,vi 路 ,"adj.明显的,显而易见的"
1271,occasional,cas 降落 ,"adj.偶然的,非经常的,特殊场合的,临时的"
1272,occupy,"cup 拿 , 抓 ","vt.占,占用,占领,占据"
1273,occur,cur 关心，挂念，注意 ,"vi.发生,出现"
1274,occurrence,cur 跑 ,"n.发生,出现,事件,发生的事情"
1275,odd,od 路 ,"adj.奇数的,单数的,单只的,不成对的,临时的,不固定的,带零头的,余的"
1276,offend,fend 打击,"v.犯罪,冒犯,违反,得罪,使...不愉快"
1277,offense,fens 打击 ,n.进攻
1278,official,fic 做,"n.官员,公务员;adj.职务上的,公务的,官方的,正式的"
1279,offspring,prin 第一,"n.(单复数同形)儿女,子孙,后代,产物"
1280,olive,li 绑 ,"n.橄榄树,橄榄叶,橄榄枝,橄榄色"
1281,opera,per 相 等 ,n.歌剧
1282,operator,rat 计算，推定，理由,"n.操作员,工作者,(电话)接线员,报务员,手术员,行家,经营者,算子"
1283,opponent,pon 放置,"adj.对立的,对抗的;n.对手,反对者"
1284,opportunity,un 整体；联合 ,"n.机会,时机"
1285,oppress,press 压，按 ,"vt.压迫,压抑"
1286,optical,opt 采取，眼睛 ,"adj.眼的,视力的,光学的"
1287,optimistic,optim 最好的 ,adj.乐观的
1288,optimum,opt 采取，眼睛 ,n.最适宜;adj.最适宜的
1289,optional,opt 采取，眼睛 ,"adj.可选择的,随意的"
1290,orbit,orb 圆 ,"n.轨道,势力范围,生活常规,眼眶;vt.绕...轨道而行;vi.进入轨道,沿轨道飞行,盘旋"
1291,orchestra,tra 拖，拉，拽,"n.管弦乐队,乐队演奏处"
1292,orderly,ord 命令,"adj.有秩序的,整齐的,整洁的;n.传令兵,勤务兵;adv.依次地,顺序地"
1293,organ,org 做，工作 ,"n.[机]元件,机构,机关,机关报;[乐]风琴,管风琴,嗓音;[生物]器官"
1294,organism,org 做，工作 ,"vt.组织,使有机化,给予生机;vi.组织起来"
1295,organize,org 做，工作 ,"n.生物体,有机体"
1296,orient,ori 升起 ,"n.东方,东方诸国(地中海以东各国);adj.东方的,上升的,灿烂的;vi.适应形势,向东;vt.使朝东,使适应,确定方向"
1297,orientation,ori 升起 ,"n.方向,方位,定位,倾向性,向东方"
1298,origin,ig 驱使；做 ,"n.起源,由来,起因,出身,血统,[数]原点"
1299,originate,orig 升起 ,"vt.引起,发明,发起,创办;vi.起源,发生"
1300,ornament,ment 记忆 ,"n.装饰物,教堂用品;vt.装饰,修饰"
1301,orthodox,ort 升起 ,"adj.正统的,传统的,习惯的,保守的,东正教的"
1302,ounce,un 整体；联合 ,"n.盎司,少量,[动]雪豹"
1303,outbreak,ut 使用 ,"n.(战争的)爆发,(疾病的)发作"
1304,outer,ut 使用 ,"adj.外部的,外面的,远离中心的;n.(射击)环外命中"
1305,outfit,it 走 ,"n.用具,配备,机构,全套装配,;vt.配备,装备;vi.得到装备"
1306,outline,ut 使用 ,"n.大纲,轮廓,略图,外形,要点,概要;vt.描画轮廓,略述"
1307,output,put 数，计算，考虑 ,"n.产量,输出,输出量"
1308,outrage,tra 拖，拉，拽,"n.暴行,侮辱,愤怒;vt.凌辱,引起...义愤,强奸"
1309,outset,ut 使用 ,"n.开端,开始"
1310,outstanding,st 立，站 ,"adj.突出的,显著的"
1311,outward,ut 使用 ,"adj.外面的,外表的,公开的,向外的,外出的;adv.向外,在外,表面上n.外表,周围世界"
1312,oven,ven 来,"n.烤箱,烤炉,灶"
1313,overnight,ig 驱使；做 ,"n.头天晚上;adj.通宵的,晚上的,前夜的;adv.在前一夜,整夜,昨晚一晚上"
1314,overseas,vers 转 ,"adv.海外;adj.外国的,海外的"
1315,overt,vert 转 ,"adj.明显的,公然的"
1316,overthrow,vert 转 ,"n.推翻,打倒,扔得过远得球;vt.打倒,推翻,颠覆"
1317,overwhelming,min 小 ,"adj.压倒性的,无法抵抗的"
1318,oxygen,oxy 尖锐，敏锐，氧 ,n.[化]氧
1319,ozone,zo 动物 ,"n.新鲜的空气,[化]臭氧"
1320,package,ag 驱使；做 ,"n.包裹,包"
1321,pact,act 驱使；做 ,"n.合同,公约,协定"
1322,painful,pain 惩罚,"adj.疼痛的,使痛苦的"
1323,pamphlet,"am 爱 , 情爱",n.小册子
1324,panic,pan 面包 ,"n.惊慌,恐慌,没有理由的"
1325,paperback,per 相 等 ,"n.平装本,纸面本"
1326,parade,par 准备 ,"n.游行,炫耀,阅兵,检阅,阅兵场;v.游行,炫耀,夸耀,(使)列队行进"
1327,paradise,di 日,n.天堂
1328,paragraph,graph 写，画，文字，图形,"n.(文章)段,节,段落"
1329,parallel,par 生 ,"adj.平行的,相同的,类似的,并联的;n.平行线,平行面,类似,相似物;v.相应,平行"
1330,paralyze,par 相 等 ,"vt.使瘫痪,使麻痹"
1331,parameter,par 准备 ,"n.参数,参量,<口>起限定作用的因素"
1332,parasite,it 走 ,"n.寄生虫,食客"
1333,parliament,parl 说，谈 ,"n.国会,议会"
1334,partial,art 艺术，关节 ,"adj.部分的,局部的,偏袒的,偏爱的;n.泛音"
1335,participant,par 生 ,"n.参与者,共享者;adj.参与的"
1336,participate,"cip 拿 , 抓","vi.参与,参加,分享,分担"
1337,particle,par 相 等 ,"n.粒子,点,极小量,微粒,质点,小品词,语气"
1338,particularly,par 准备 ,"adv.独特地,显著地"
1339,partition,it 走 ,"n.分割,划分,瓜分,分开,隔离物;vt.区分,隔开,分割"
1340,passion,pass 感受,"n.激情,热情"
1341,passport,port 拿，取 ,n.护照
1342,paste,st 立，站 ,"n.糊,面团,黏土团;vt.用浆糊粘,张贴;n.粘贴"
1343,pastry,astr 星星 ,"n.面粉糕饼,馅饼皮"
1344,pasture,st 立，站 ,"n.牧地,草原,牧场;v.放牧,牧(牛、羊)等,吃草"
1345,patch,patch 脚 ,"n.片,补缀,碎片,斑纹,斑点,小块地,眼罩,傻瓜;vt.修补,补缀,掩饰,平息"
1346,patent,"tent 握 , 持 , 守","n.专利权,执照,专利品;adj.特许的,专利的,显著的,明白的,新奇的;vt.取得...的专利权,请准专利"
1347,pathetic,path 感受,"adj.可怜的,悲惨的"
1348,patience,pat 感受,"n.耐性,忍耐"
1349,patriot,pat 感受,n.爱国者
1350,patrol,pat 感受,"v.出巡,巡逻;n.巡逻"
1351,pattern,att 适当，适应 ,"n.模范,式样,模式,样品,格调,图案;vt.模仿,仿造,以图案装饰;vi.形成图案"
1352,payment,ment 记忆 ,"n.付款,支付,报酬,偿还,报应,惩罚"
1353,pearl,pear 生,n.珍珠
1354,peculiar,ecu 住所，经济，生态 ,"adj.奇特的,罕见的,特殊的;n.特有财产,特权"
1355,pedestrian,ped 脚 ,"n.步行者;adj.徒步的,呆板的,通俗的"
1356,peer,peer 相 等 ,"n.同等的人,贵族;vi.凝视,窥视;vt.与...同等,封为贵族"
1357,penalty,penal 惩罚,"n.处罚,罚款"
1358,penetrate,rat 计算，推定，理由,"vt.穿透,渗透,看穿,洞察;vi.刺入,看穿,渗透,弥漫"
1359,peninsula,su 跟随 ,n.半岛
1360,pepper,per 相 等 ,n.胡椒粉
1361,perceive,"ceiv 拿 , 抓 ","vt.察觉;v.感知,感到,认识到"
1362,percentage,cent 歌唱 ,"n.百分数,百分率,百分比"
1363,perception,cep 头 ,"n.理解,感知,感觉,DPS公司出的数字影像压缩卡"
1364,perfection,fec 做,"n.尽善尽美,完美,完成"
1365,perform,per 相 等 ,"vt.履行,执行,表演,演出;v.完成任务"
1366,performance,man 停驻 ,"n.履行,执行,成绩,性能,表演,演奏"
1367,periodic,peri 试验，尝试,"adj.周期的,定期的"
1368,periodical,dic 言，说 ,"adj.周期的,定期的;n.期刊,杂志"
1369,perish,per 相 等 ,"vi.毁灭,死亡,腐烂,枯萎;vt.毁坏,使麻木"
1370,permanent,man 停驻 ,"adj.永久的,持久的"
1371,permissible,miss 投，送，发,adj.可允许的
1372,permission,per 相 等 ,"n.许可,允许"
1373,perpetual,pet 追求 ,adj.永久的
1374,persist,sist 立，站 ,"vi.坚持,持续"
1375,persistent,per 相 等 ,adj.持久稳固的
1376,personality,it 走 ,"n.个性,人格,人物,名人,(用复数)诽谤、人身攻击"
1377,perspective,spect 看,"n.透视画法,透视图,远景,前途,观点,看法,观点,观察"
1378,persuasion,per 相 等 ,"n.说服,说服力"
1379,pessimistic,st 立，站 ,"adj.悲观的,厌世的"
1380,petition,pet 追求 ,"n.请愿,情愿书,诉状,陈情书;v.请求,恳求,请愿"
1381,petroleum,pet 追求 ,n.石油
1382,philosopher,soph 智慧 ,"n.哲学家,哲人"
1383,physical,phys 自然，物理 ,"adj.身体的,物质的,自然的,物理的;n.体格检查"
1384,physicist,phys 自然，物理 ,"n.物理学者,唯物论者"
1385,physiological,log 言，说,"adj.生理学的,生理学上的"
1386,pigeon,ig 驱使；做 ,n.鸽子
1387,pirate,rat 计算，推定，理由,"n.海盗,盗印者,盗版者,侵犯专利权者;vt.盗印,盗版,掠夺,翻印;vi.做海盗"
1388,pistol,st 立，站 ,n.手枪
1389,pit,it 走 ,"n.深坑,深渊,陷阱,(物体或人体表面)凹陷,(英国剧场的)正厅后排,正厅后排观众;vt.窖藏,使凹下,去...之核,使留疤痕,使竞争;vi.起凹点,凹陷"
1390,plague,ag 驱使；做 ,"n.瘟疫,麻烦,苦恼,灾祸;vt.折磨,使苦恼,使得灾祸"
1391,plantation,plant 种植 ,"n.耕地,种植园,大农场,森林,人造林,殖民"
1392,plaster,st 立，站 ,"n.石膏,灰泥,膏药,橡皮膏;vt.涂以灰泥,敷以膏药,减轻,粘贴,重创"
1393,plateau,"lat 拿，持，带来，搬运 , 担负 ","n.高地,高原(上升后的)稳定水平(或时期、状态)"
1394,plausible,us 使用 ,adj.似是而非的
1395,pled,ple 装满（的）,vbl.plead的过去式及过去分词
1396,pledge,"ple 倍 , 重 , 折叠","n.保证,誓言,抵押,抵押品;vt.保证,使发誓,抵押,典当,举杯祝...健康"
1397,plot,"plo 倍 , 重 , 折叠","n.小块土地,地区图,图,秘密计划(特指阴谋),(小说的)情节.结构;vt.划分,绘图,密谋;vi.密谋,策划"
1398,plunge,un 整体；联合 ,"n.跳进,投入;vi.投入,跳进,陷入;vt.使投入,使插入,使陷入"
1399,plus,us 使用 ,"prep.加上;adj.正的,加的"
1400,poisonous,us 使用 ,adj.有毒的
1401,policy,polic 城市 ,"n.政策,方针"
1402,polish,polis 城市 ,"n.磨光,光泽,上光剂,优雅,精良;vt.擦亮,发亮,磨光,推敲;vi.发亮,变光滑;adj.波兰的;n.波兰人"
1403,politician,it 走 ,"n.政治家,政客"
1404,politics,li 绑 ,"n.政治,政治学,政纲,政见"
1405,pollute,pollut 脏 ,"vt.弄脏,污染"
1406,pollution,uti 使用 ,"n.污染,玷污"
1407,pond,pon 放置,n.池塘;v.筑成池塘
1408,portable,port 拿，取 ,"adj.轻便的,手提(式)的,便携式的"
1409,porter,ort 升起 ,"n.守门人,门房,行李搬运工"
1410,portrait,port 拿，取 ,"n.肖像,人像"
1411,portray,"ray 光线 , 辐射",v.描绘
1412,pose,pos 放置 ,"n.姿势,姿态;v.(使...)摆好姿势,形成,引起,造成;vi.摆姿势,佯装,矫揉造作"
1413,positive,it 走 ,"adj.肯定的,实际的,积极的,绝对的,确实的;adj.[数]正的;adj.[电]阳的;adj.[语法]原级的"
1414,possession,poss 力量，能力,"n.拥有,占有,所有,着迷,领土,领地,财产(常用复数),自制"
1415,possibility,pos 放置 ,"n.可能性,可能发生的事物"
1416,postage,st 立，站 ,n.邮资
1417,posture,pos 放置 ,"n.(身体的)姿势,体态,状态,情况,心境,态度;v.令取某种姿势,摆姿势,作出姿态"
1418,potential,"ten 握 , 持 , 守","adj.潜在的,可能的,势的,位的;n.潜能,潜力,电压"
1419,poverty,vert 转 ,"n.贫穷,贫困,贫乏,缺少"
1420,powder,pow 力量，能力 ,"n.粉,粉末,火药,尘土;vt.搽粉于,撒粉,使成粉末;vi.搽粉,变成粉末"
1421,practicable,act 驱使；做 ,"adj.能实行的,行得通的,可以实行的"
1422,practically,ly 绑 ,"adv.实际上,事实上,在实践上;adv.几乎,简直"
1423,prayer,"ray 光线 , 辐射",n.祈祷
1424,precaution,caut 仔细 ,"n.预防,警惕,防范"
1425,precede,ced 走,"v.领先(于),在...之前,先于"
1426,preceding,ced 走,"adj.在前的,前述的"
1427,precious,us 使用 ,"adj.宝贵的,贵重的,珍爱的,过于精致的,珍爱的"
1428,precision,preci 价值 ,"n.精确,精密度,精度"
1429,preclude,clud 关闭,n.排除
1430,predecessor,ess 存在 ,"n.前辈,前任,(被取代的)原有事物"
1431,predict,di 日,"v.预知,预言,预报"
1432,preface,fac 做,"n.序文,绪言,前言;vi.作序,写前言;vt.为...写序言,开始"
1433,preferable,fer 带来，拿，负担 ,"adj.更可取的,更好的,更优越的"
1434,pregnant,reg 规则，统治 ,"adj.怀孕的,重要的,富有意义的,孕育的"
1435,prejudice,jud 法律,"n.偏见,成见,损害,侵害;v.损害"
1436,preliminary,li 绑 ,"adj.预备的,初步的"
1437,premier,prem 第一,"adj.第一的,首要的;n.总理"
1438,premium,prem 第一,"n.额外费用,奖金,奖赏,保险费,(货币兑现的)贴水"
1439,preparation,par 生 ,"n.准备,预备"
1440,preposition,sit 坐,n.前置词
1441,prescription,script 写 ,"n.指示,规定,命令,处方,药方"
1442,presentation,sent 存在 ,"n.介绍,陈述,赠送,表达"
1443,presently,ly 绑 ,"adv.目前,不久"
1444,preside,sid 坐,v.主持
1445,pressure,ess 存在 ,"n.压,压力,电压,压迫,强制,紧迫"
1446,prestige,st 立，站 ,"n.声望,威望,威信"
1447,presumably,su 跟随 ,"adv.推测起来,大概"
1448,pretend,tend 伸 ,"vt.假装,装扮,(作为藉口或理由)伪称"
1449,prevalent,val 强 ,"adj.普遍的,流行的"
1450,preview,vi 路 ,"adj.在前的,早先的;adv.在...以前;返回上一级菜单"
1451,previous,us 使用 ,"n.事先查看,[计]预览;vt.事先查看,预展,预演"
1452,priest,pri 第一 ,n.牧师
1453,primarily,ly 绑 ,"adv.首先,起初,主要地,根本上"
1454,prime,prim 第一 ,"n.最初,青春,精华;adj.主要的,最初的,有青春活力的,最好的,第一流的,根本的,[数]素数的;v.预先准备好,<口>让人吃(喝)足,灌注,填装"
1455,primitive,imit 图像 ,"adj.原始的,远古的,粗糙的,简单的"
1456,principal,"cip 拿 , 抓","n.负责人,首长,校长,主犯,本金;adj.主要的,首要的"
1457,principle,cip 头 ,"n.法则,原则,原理"
1458,prior,pri 第一 ,"adj.优先的,在前的;n.预先;adv.在"
1459,priority,it 走 ,"n.先,前,优先,优先权"
1460,private,pri 第一 ,"adj.私人的,私有的,私营的,秘密的;n.士兵"
1461,privilege,vi 路 ,"n.特权,特别待遇,基本公民权力,特免;vt.给与...特权,特免"
1462,probability,bi 生命 ,"n.可能性,或然性,概率"
1463,procedure,oce 住所，经济，生态 ,"n.程序,手续"
1464,proceeding,ceed 走,"n.行动,进行,会议录,学报"
1465,process,cess 走 ,"n.过程,作用,方法,程序,步骤,进行,推移;vt.加工,处理"
1466,procession,oce 住所，经济，生态 ,"n.行列,队伍"
1467,product,duct 引导,"n.产品,产物,乘积"
1468,productive,duc 引导 ,"adj.生产性的,生产的,能产的,多产的"
1469,productivity,vit 活,n.生产力
1470,profess,ess 存在 ,v.表示
1471,professional,fess 说，宣称 ,"n.自由职业者,专业人员,职业运动员,职业艺人;adj.专业的,职业的"
1472,proficiency,fic 做,"n.熟练,精通,熟练程度"
1473,profile,fi 相信 ,"n.剖面,侧面,外形,轮廓"
1474,profitable,it 走 ,adj.有利可图的
1475,progressive,gress 步，走 ,"n.改革论者,进步论者;adj.前进的,(税收)累进的,进步的"
1476,prohibit,it 走 ,"vt.禁止,阻止"
1477,prominent,min 小 ,"adj.卓越的,显著的,突出的"
1478,promote,mot 移动 ,"vt.促进,发扬,提升,提拔,晋升为"
1479,pronoun,un 整体；联合 ,n.代名词
1480,propaganda,ag 驱使；做 ,"n.宣传,[天主教]传道总会"
1481,property,pert 试验，尝试 ,"n.财产,所有物,所有权,性质,特性,(小)道具"
1482,proportion,port 拿，取 ,"n.比例,均衡,面积,部分;vt.使成比例,使均衡,分摊"
1483,proportional,ort 升起 ,"adj.比例的,成比例的,相称的,均衡的"
1484,proposal,sal 盐 ,"n.提议,建议"
1485,propose,pos 放置 ,"vt.计划,建议,向...提议,求(婚);vi.打算,求婚"
1486,proposition,it 走 ,"n.主张,建议,陈述,命题"
1487,prosecute,secut 跟随 ,"vt.实行,从事,告发,起诉;vi.告发,起诉,作检察官"
1488,prospect,spec 看,"n.景色,前景,前途,期望;vi.寻找,勘探"
1489,prosperity,peri 试验，尝试,n.繁荣
1490,prosperous,per 相 等 ,adj.繁荣的
1491,protection,rot 轮，转 ,n.保护
1492,protein,rot 轮，转 ,n.[生化]蛋白质;adj.蛋白质的
1493,protest,st 立，站 ,"n.主张,断言,抗议;v.主张,断言抗议,拒付"
1494,provide,vi 路 ,"v.供应,供给,准备,预防,规定"
1495,province,vinc 胜，征服 ,n.省(一个国家的大行政区)
1496,provision,vi 路 ,"n.供应,(一批)供应品,预备,防备,规定"
1497,proximity,proxim 接近 ,"n.接近,亲近"
1498,prune,un 整体；联合 ,v.剪除
1499,psychiatrist,st 立，站 ,"n.精神病医师,精神病学家"
1500,publication,publ 人民 ,"n.出版物,出版,发行,公布,发表"
1501,publicity,cit 召唤 ,n.公开
1502,publish,li 绑 ,"v.出版,刊印;vt.公布,发表"
1503,punch,pun 惩罚,"n.冲压机,冲床,打孔机;vt.冲孔,打孔"
1504,punctual,un 整体；联合 ,"adj.严守时刻的,准时的"
1505,purify,fy 相信 ,vt.使纯净;v.净化
1506,purple,ple 装满（的）,adj.紫色的;n.紫色
1507,pursue,su 跟随 ,"vt.追赶,追踪,追击,继续,从事"
1508,pursuit,it 走 ,n.追击
1509,qualification,qual 性质，特征 ,"n.资格,条件,限制,限定,赋予资格"
1510,qualify,ali 其它 ,"v.(使)具有资格,证明合格,限制修饰;vt.限制,限定"
1511,qualitative,it 走 ,"adj.性质上的,定性的"
1512,quantify,fy 相信 ,vt.确定数量;v.量化
1513,quart,art 艺术，关节 ,n.夸脱(容量单位)
1514,quarterly,ly 绑 ,"n.季刊;adj.一年四次的,每季的;adv.每季地"
1515,quest,quest 问，求，寻 ,n.寻求
1516,questionnaire,sti 刺，扑灭 ,"n.调查表,问卷"
1517,quit,it 走 ,"vi.离开,辞职,停止;vt.离开,放弃,解除,停止"
1518,radar,"rad 光线 , 辐射","n.雷达,电波探测器"
1519,radiant,di 日,"adj.发光的,辐射的,容光焕发的"
1520,radiation,"rad 光线 , 辐射","n.发散,发光,发热,辐射,放射,放射线,放射物"
1521,radical,dic 言，说 ,"adj.根本的,基本的,激进的;n.激进分子"
1522,radioactive,act 驱使；做 ,"adj.放射性的,有辐射能的"
1523,radius,di 日,"n.半径,范围,辐射光线,有效航程,范围,界限"
1524,rage,ag 驱使；做 ,"n.愤怒,情绪激动,狂暴,精神错乱;vi.大怒,狂吹,风行"
1525,rally,all 其它 ,"v.重整旗鼓,给予新力量,(使)恢复健康,力量,决心,集结;n.集会"
1526,range,"rang 排列 , 顺序 ","n.山脉,行列,范围,射程;vt.排列,归类于,使并列,放牧;vi.平行,延伸,漫游"
1527,rank,"rank 排列 , 顺序 ","n.等级,横列,阶级;adj.繁茂的,恶臭的,讨厌的,下流的;vt.排列,归类于,把...分等;vi.列为,列队;n.[数]秩"
1528,rare,rar 稀有 ,"adj.稀罕的,杰出的,珍贵的,(肉类)半熟的;adv.非常"
1529,rarely,ly 绑 ,"adv.很少地,罕有地"
1530,rat,rat 计算，推定，理由,n.老鼠
1531,rating,ting 接触,"n.等级级别(尤指军阶),额定,责骂,申斥"
1532,ratio,rat 计算，推定，理由,"n.比,比率,[财政]复本位制中金银的法定比价"
1533,react,act 驱使；做 ,"vi.起反应,起作用,反抗,起反作用"
1534,readily,ly 绑 ,"adv.乐意地,欣然,容易地"
1535,realistic,li 绑 ,adj.现实(主义)的
1536,realm,real 现实 ,n.领域
1537,reassure,sur 确定 ,"vt.使...安心,再保证,使...恢复信心,打消...的疑虑"
1538,rebellion,li 绑 ,"n.谋反,叛乱,反抗,不服从"
1539,recede,ced 走,v.后退
1540,receiver,"ceiv 拿 , 抓 ","n.接受者,接收器,收信机"
1541,recently,cent 歌唱 ,adv.最近
1542,reception,cep 头 ,"n.接待,招待会,接收"
1543,recession,ess 存在 ,"n.撤回,退回,退后,工商业之衰退,不景气"
1544,recipient,"cip 拿 , 抓","adj.容易接受的,感受性强的;n.容纳者,容器"
1545,reciprocal,cip 头 ,"adj.互惠的,相应的,倒数的,彼此相反的;n.倒数,互相起作用的事物"
1546,recite,cit 公民，城市 ,"v.背诵,朗读,叙述,[律]书面陈述(事实)"
1547,reclaim,claim 喊叫 ,"vt.要求归还,收回,开垦"
1548,recognition,cogn 知道,"n.赞誉,承认,重视,公认,赏识,识别"
1549,recognize,eco 住所，经济，生态 ,"vt.认可,承认,公认,赏识;vi.具结"
1550,recommendation,mend 命令 ,"n.推荐,介绍(信),劝告,建议"
1551,reconcile,eco 住所，经济，生态 ,"vt.使和解,使和谐,使顺从"
1552,reconciliation,li 绑 ,"n.和解,调和,顺从"
1553,recover,cover 覆盖， 掩盖 ,"vt.重新获得,恢复,使改过;vi.痊愈,复原,胜诉;n.DOS命令:从含有损坏磁盘扇区的磁盘上恢复文件"
1554,recovery,eco 住所，经济，生态 ,"n.恢复,痊愈,防御"
1555,recruit,it 走 ,"n.新兵,新分子,新会员;vt.使恢复,补充,征募;vi.征募新兵,复原"
1556,rectify,rect 正，直 ,"vt.矫正,调整,[化]精馏"
1557,recur,ecu 住所，经济，生态 ,"vi.复发,重现,再来"
1558,reduction,duct 引导,"n.减少,缩影,变形,缩减量,约简"
1559,redundant,un 整体；联合 ,adj.多余的
1560,referee,fer 带来，拿，负担 ,"n.仲裁人,调解人,[体]裁判员;v.仲裁,裁判"
1561,refine,fin 终结，末尾，界限 ,"vt.精炼,精制,使文雅高尚"
1562,reflection,lect 采集，读，说，法律,"n.反射,映象,倒影,反省,沉思,反映"
1563,reform,form 形式，格式，形成 ,"n.改革,改善,改良运动,感化;vt.改革,革新,重新组成;vi.革新,改过,重组"
1564,refreshment,ment 记忆 ,"n.点心,饮料,精力恢复,爽快"
1565,refrigerator,ger 运送 ,"n.电冰箱,冷藏库"
1566,refund,fund 底，基础 ,"v.退还,偿还;n.归还,偿还额,退款"
1567,refusal,fus 熔化；倾倒 ,"n.拒绝,推却,优先取舍权,优先取舍的机会"
1568,refute,fut 熔化；倾倒 ,"vt.驳倒,反驳"
1569,regarding,di 日,prep.关于
1570,regime,reg 规则，统治 ,"n.政体,政权,政权制度"
1571,register,gist 运送 ,"n.记录,登记簿,登记,注册,寄存器;vt.记录,登记,注册,提示,把...挂号;vi.登记,注册,挂号"
1572,regulate,"lat 拿，持，带来，搬运 , 担负 ","vt.管制,控制,调节,校准"
1573,regulation,reg 规则，统治 ,"n.规则,规章,调节,校准"
1574,rehearsal,sal 盐 ,"n.排演,演习,预演,试演"
1575,reign,ig 驱使；做 ,"vi.统治,支配,盛行,占优势;n.统治,统治时期,支配"
1576,reinforce,forc 力量，强壮 ,"vt.加强,增援,补充,增加...的数量,修补,加固;vi.求援,得到增援;n.加固物"
1577,reject,jec 投掷,"n.被拒之人,被弃之物,不合格品,落选者,不及格者;vt.拒绝,抵制,否决,呕出,驳回,丢弃"
1578,relate,"lat 拿，持，带来，搬运 , 担负 ","vt.叙述,讲,使联系,发生关系"
1579,relative,lati 宽 ,"n.亲戚,关系词,相关物,亲缘植物;adj.有关系的,相对的,比较而言的"
1580,relativity,"lat 拿，持，带来，搬运 , 担负 ","n.相对性,相关性,[物]相对论"
1581,relax,lax 松弛，放松 ,"vi.放松,休息,休养,变从容;vt.使松驰,缓和,使松懈,使休息"
1582,relevant,van 空 ,"adj.有关的,相应的"
1583,reliable,li 绑 ,"adj.可靠的,可信赖的"
1584,relief,li 绑 ,"n.(痛苦等的)减轻,(债务等的)免除,救济,调剂,安慰,浮雕,地貌"
1585,religion,lig 采集，读，说，法律,"n.宗教,信仰"
1586,religious,lig 绑 ,"adj.信奉宗教的,虔诚的,宗教上的,修道的,严谨的;n.僧侣,尼姑,修道士"
1587,relish,li 绑 ,n.意味
1588,rely,ly 绑 ,"v.依赖,依靠,信赖,信任,依赖于"
1589,remainder,main 停驻 ,"n.残余,剩余物,其他的人,[数]余数;v.廉价出售;adj.剩余的,出售剩书的"
1590,remarkable,mark 作记号，边界 ,"adj.不平常的,非凡的,值得注意的,显著的"
1591,remind,mind 记忆 ,"vt.提醒,使想起"
1592,remote,mot 移动 ,"adj.遥远的,偏僻的,细微的"
1593,removal,val 强 ,"n.移动,免职,切除"
1594,repay,pay 花费 ,"v.偿还,报答,报复"
1595,repeatedly,ly 绑 ,"adv.重复地,再三地"
1596,repertoire,pert 试验，尝试 ,"n.(准备好演出的)节目,保留剧目,(计算机的)指令表,指令系统,<美>(某个人的)全部技能"
1597,repetition,pet 追求 ,"n.重复,循环,复制品,副本"
1598,replacement,place 放，地方 ,"n.归还,复位,交换,代替者,补充兵员,置换,移位"
1599,reporter,port 拿，取 ,"n.记者,通讯员"
1600,representative,sent 存在 ,"n.代表;adj.典型的,有代表性的"
1601,repression,ess 存在 ,"n.镇压,抑制,抑压"
1602,reproduce,duc 引导 ,"v.繁殖,再生,复制,使...在脑海中重现"
1603,republican,li 绑 ,"adj.共和国的,共和政体的,共和主义的,有关共和的;n.共和党人"
1604,require,quir 问，求，寻 ,"vt.需要,要求,命令"
1605,requirement,ment 记忆 ,"n.需求,要求,必要条件,需要的东西,要求必备的条件"
1606,resemblance,sembl 相似 ,n.类同之处
1607,resent,sent 存在 ,"v.愤恨,怨恨"
1608,reserve,serv 观看，服务，保留 ,"n.储备(物),储藏量,预备队;vt.储备,保存,保留,预定,预约"
1609,reservior,vi 路 ,"n.贮水池,贮藏处,贮备"
1610,residence,sid 坐,"n.居住,住处"
1611,residential,ident 相同 ,"adj.住宅的,与居住有关的"
1612,resign,sign 设计 ,"n.辞去(职务);v.辞去,辞职"
1613,resist,sist 立，站 ,"vt.抵抗,反抗,抗,忍得住"
1614,resistance,st 立，站 ,"n.反抗,抵抗,抵抗力,阻力,电阻,阻抗"
1615,resolution,solut 解，松的 ,"n.坚定,决心,决定,决议"
1616,resolve,solv 解，松的 ,"n.决心;v.决心,决定,决心要,(使)分解,溶解,解决;vt.解决"
1617,resort,ort 升起 ,"vi.求助,诉诸,采取(某种手段等),常去;n.凭借,手段,常去之地,胜地"
1618,respect,spect 看,"n.尊敬,敬重,注意,考虑,尊重,关系,有关,敬意;vt.尊敬,尊重,不防碍"
1619,respective,spec 看,"adj.分别的,各自的"
1620,respectively,ly 绑 ,"adv.分别地,各个地"
1621,response,pon 放置,"n.回答,响应,反应"
1622,responsibility,it 走 ,"n.责任,职责"
1623,restless,ess 存在 ,"adj.得不到休息的,不平静的,不安宁的"
1624,restore,st 立，站 ,"vt.恢复,使回复,归还,交还,修复,重建"
1625,restraint,strain 拉紧,"n.抑制,制止,克制"
1626,restrict,strict 拉紧,"vt.限制,约束,限定"
1627,result,su 跟随 ,"n.结果,成效,计算结果;vi.起因,由于,以...为结果,导致"
1628,resume,sum 最高，总，拿 ,"n.摘要,概略,<美>履历;vt.再继续,重新开始,重新占用,再用,恢复"
1629,retention,"tent 握 , 持 , 守",保持力
1630,retire,tir 拉，引 ,"vi.退休,引退,退却,撤退,就寝"
1631,retreat,treat 拖，拉，拽 ,"vi.撤退,退却;n.撤退,退却"
1632,retrospect,spect 看,n.回顾
1633,reunion,uni 整体；联合 ,"n.团圆,重聚"
1634,revelation,lati 宽 ,"n.显示,揭露,被揭露的事,新发现,启示,揭示"
1635,revenge,ven 来,"n.报仇,复仇;vt.替...报仇,复仇"
1636,reverse,vers 转 ,"n.相反,背面,反面,倒退;adj.相反的,倒转的,颠倒的;vt.颠倒,倒转"
1637,revise,vi 路 ,"vt.修订,校订,修正,修改"
1638,revolt,volt 滚，转 ,"v.反抗,起义,反叛,反感,厌恶"
1639,revolutionary,uti 使用 ,adj.革命的
1640,revolve,vol 滚，转 ,"v.(使)旋转,考虑,循环出现"
1641,rhythm,yt 分，解，溶，散 ,"n.节奏,韵律"
1642,rid,rid 笑 ,"vt.使摆脱,使去掉"
1643,ridiculous,rid 笑 ,"adj.荒谬的,可笑的"
1644,rig,ig 驱使；做 ,"n.索具装备,钻探设备,钻探平台,钻塔;v.装上索具,配备,装配"
1645,rigorous,ig 驱使；做 ,"adj.严格的,严厉的,严酷的,严峻的"
1646,risk,ris 笑 ,"vt.冒...的危险;n.冒险,风险"
1647,ritual,it 走 ,"n.典礼,(宗教)仪式,礼节;adj.典礼的,(宗教)仪式的"
1648,rivalry,val 强 ,"n.竞争,竞赛,敌对,敌对状态"
1649,roast,st 立，站 ,"v.烤,烘,烘烤,暴露于某种热力下以得温暖"
1650,robust,st 立，站 ,adj.精力充沛的
1651,rod,od 路 ,"n.杆,棒"
1652,romance,roma 罗马 ,"n.冒险故事,浪漫史,传奇文学,风流韵事,虚构;vi.写传奇,渲染,虚构"
1653,romantic,man 手 ,"adj.传奇式的,浪漫的,空想的,夸大的"
1654,rot,rot 轮，转 ,"v.(使)腐烂,(使)腐败;n.腐烂,腐败"
1655,rotate,rot 轮，转 ,v.(使)旋转
1656,rouse,us 使用 ,"v.唤醒,激起,使振奋,惊起;n.觉醒,奋起"
1657,routine,"tin 握 , 持 , 守","n.例行公事,常规,日常事务,程序"
1658,rude,rud 原始，粗野 ,"adj.粗鲁的,无礼的,猛烈的,残暴的,粗鲁无礼的"
1659,rupture,rupt 破 ,"v.破裂,裂开,断绝(关系等),割裂;n.破裂,决裂,敌对,割裂"
1660,rust,st 立，站 ,n.铁锈;vt.(使)生锈
1661,sacred,cre 增长，生长，产生,"adj.神的,宗教的,庄严的,神圣的"
1662,sacrifice,fic 做,"n.牺牲,献身,祭品,供奉;v.牺牲,献出,献祭,供奉"
1663,saddle,add 加，加上 ,"n.鞍,鞍状物;v.承受"
1664,salad,sal 盐 ,n.色拉
1665,salesman,man 手 ,"n.售货员,推销员"
1666,salute,sal 盐 ,"n.(尤指军队等之)举手礼,升降旗致敬,呜礼炮等,敬礼;v.行礼致敬,敬礼"
1667,sample,ple 装满（的）,"n.标本,样品,例子;vt.取样,采样,抽取...的样品,试验的一部分,尝试"
1668,satellite,sat 足，满，饱 ,n.人造卫星
1669,satisfactory,act 驱使；做 ,"adj.满意的,赎罪的"
1670,sausage,ag 驱使；做 ,"n.香肠,腊肠"
1671,saving,vi 路 ,"n.存款,挽救,救助,节约;adj.搭救的,挽救的,节约的,节俭的,保留的,补偿的;prep.除...之外,考虑到"
1672,scar,car 车 ,"n.伤痕,疤痕;v.结疤,使留下伤痕,创伤"
1673,scarcely,car 车 ,"adv.几乎不,简直没有"
1674,scatter,att 适当，适应 ,"v.分散,散开,撒开,驱散"
1675,scent,cent 百 ,"n.气味,香味,香水,线索,嗅觉,臭迹;vt.闻出,嗅,发觉,循着遗臭追踪,使充满气味;vi.嗅猎,发出气味"
1676,scheme,chem 化学 ,"n.安排,配置,计划,阴谋,方案,图解,摘要;v.计划,设计,图谋,策划"
1677,scientific,fic 做,adj.科学的
1678,scissors,sci 知 ,n.剪刀
1679,score,cor 心（脏）,"n.得分,乐谱,抓痕,二十,终点线,刻痕,帐目,起跑线;vt.把...记下,刻划,划线,获得,评价;vi.记分,刻痕,得分"
1680,scout,ut 使用 ,"n.侦察,搜索,侦察员,侦察机;vi.守候,侦察,巡视,嘲笑;vt.侦察,跟踪,觅得,监视,轻蔑地拒绝(建议,意见等)"
1681,scramble,"am 爱 , 情爱","n.爬行,攀缘,抢夺,混乱;vi.攀缘,杂乱蔓延,争夺,拼凑,匆忙;vt.攀登,搅乱,使混杂"
1682,scratch,rat 计算，推定，理由,"n.乱写,刮擦声,抓痕,擦伤;vt.乱涂,勾抹掉,擦,刮,搔,抓,挖出;vi.发刮擦声,搔,抓;adj.打草稿用的,凑合的"
1683,scream,"am 爱 , 情爱","v.尖声叫,尖声喊叫;n.尖叫声,喊叫声"
1684,screw,cre 增长，生长，产生,"n.螺丝钉,螺旋,螺杆,螺孔,螺旋桨,吝啬鬼;vt.调节,旋,加强,压榨,强迫,鼓舞;vi.转动,旋,拧"
1685,scrutiny,"tin 握 , 持 , 守",n.详细审查
1686,seam,"am 爱 , 情爱","n.接缝,线缝,缝合线,衔接口,伤疤,层;vt.缝合,接合,焊合,使留下伤痕;vi.裂开,发生裂痕"
1687,section,sect 切 ,"n.部分,断片,部件,节,项,区,地域,截面"
1688,sector,tor 扭，拧 ,"n.部分,部门,[计]扇区,地区,象限,扇形;v.使分成部分,把...分成扇形"
1689,secure,sec 跟随 ,"adj.安全的,可靠的,放心的,无虑的;v.保护"
1690,security,sec 切 ,n.安全
1691,seemingly,min 小 ,adv.表面上地
1692,segregate,gre 步，走 ,v.隔离
1693,selection,lect 采集，读，说，法律,"n.选择,挑选,选集,精选品"
1694,selfish,fi 相信 ,adj.自私的
1695,semiconductor,duct 引导,n.[物]半导体
1696,seminar,min 小 ,"n.研究会,讨论发表会"
1697,senator,nat 出生 ,"n.参议员,(大学的)评议员,(古罗马的)元老院议员"
1698,sensation,sat 足，满，饱 ,"n.感觉,感情,感动,耸人听闻的"
1699,sensitive,sit 坐,"adj.敏感的,灵敏的,感光的"
1700,sequence,sequ 跟随 ,"n.次序,顺序,序列"
1701,sergeant,erg 做，工作 ,"n.警官,军士"
1702,series,seri 重要 ,"n.连续,系列,丛书,级数"
1703,session,sess 坐 ,"n.会议,开庭"
1704,setting,ting 接触,"n.安置,安装,(太阳)落山,(固定东西的)框架,底座"
1705,settlement,ment 记忆 ,"n.沉降,解决,结算,殖民,殖民地"
1706,shallow,all 其它 ,"adj.浅的,浅薄的"
1707,shatter,att 适当，适应 ,"n.粉碎,碎片,落花(叶,粒等);vt.打碎,使散开,粉碎,破坏;vi.粉碎,损坏,落叶"
1708,shipment,ment 记忆 ,"n.装船,出货"
1709,shortage,ort 升起 ,"n.不足,缺乏"
1710,shortcoming,hor 怕 ,"n.缺点,短处"
1711,shortly,ly 绑 ,"adv.立刻,不久,简略地,简言之,即刻"
1712,shutter,ut 使用 ,n.耸肩;v.耸肩
1713,sideways,sid 坐,"adv.向一旁,向侧面地,斜地里;adj.一旁的,向侧面的"
1714,sigh,ig 驱使；做 ,"n.叹息,叹息声;vi.叹息,叹气"
1715,signal,sign 设计 ,"n.信号;adj.信号的;v.发信号,用信号通知"
1716,signature,nat 出生 ,"n.签名,署名,信号"
1717,significance,fic 做,"n.意义,重要性"
1718,significant,"fic 面部 , 正面，前额 ","adj.有意义的,重大的,重要的"
1719,signify,fy 相信 ,"vt.表示,意味;vi.要紧,有重要性;v.颇为重要,表示"
1720,silicon,li 绑 ,"n.[化]硅,硅元素"
1721,similarly,simil 相似 ,"adv.同样地,类似于"
1722,simplicity,"plic 倍 , 重 , 折叠","n.简单,简易,朴素,直率"
1723,simplify,pli 装满（的）,"vt.单一化,简单化"
1724,simultaneous,simul 相似 ,"adj.同时的,同时发生的"
1725,site,sit 坐,"n.地点,场所,遗址;vt.定...的地点;n.站点"
1726,situated,it 走 ,"adj.位于,被置于境遇,处于...的立场"
1727,skeptical,ept 适当，适应 ,"adj.怀疑性的,好怀疑的,<口>无神论的"
1728,slam,"am 爱 , 情爱","v.砰地关上,砰地放下,猛力抨击,冲击;n.砰,猛击,撞击,冲击"
1729,slice,li 绑 ,"n.薄片,切片,一份,部分,片段;v.切(片)"
1730,slide,li 绑 ,"v.(使)滑动,(使)滑行;n.滑,滑动,幻灯片"
1731,slim,lim 界限 ,"adj.苗条的,纤细的,不足取的,无价值的,细长的;v.变细,减肥"
1732,slip,li 绑 ,"n.滑倒,事故,片,纸片;vi.滑动,滑倒,失足,减退;vt.使滑动,滑过,摆脱,闪开,塞入;adj.滑动的,活络的,有活结的;abbr.SerialLineInterfaceProtocol,串行线路接口协议,是旧式的协议"
1733,slogan,log 言，说,"n.口号,标语"
1734,snatch,nat 出生 ,v.攫取;n.攫取
1735,so-called,all 其它 ,"v.高飞,高丛,滑翔,剧增,昂扬;n.高飞范围,高涨程度"
1736,socialism,soci 同伴，联合，结合 ,"n.社会主义,社会主义运动"
1737,socialist,ali 其它 ,"n.社会主义者,社会党党员"
1738,sociology,log 言，说,n.社会学
1739,soda,od 路 ,"n.苏打,碳酸水"
1740,solar,sol 单独，太阳 ,"adj.太阳的,日光的"
1741,solemn,sol 单独，太阳 ,"adj.庄严的,隆重的,严肃的"
1742,solicitor,cit 召唤 ,"n.律师,法律顾问"
1743,solidarity,it 走 ,n.团结
1744,solitary,li 绑 ,adj.孤独的
1745,soluble,solu 解，松的 ,"adj.可溶的,可溶解的"
1746,solution,sol 单独，太阳 ,"n.解答,解决办法,溶解,溶液,解决方案"
1747,sophisticated,soph 智慧 ,"adj.诡辩的,久经世故的"
1748,sovereign,ig 驱使；做 ,"n.君主,统治;adj.至高无上的,君主的,独立自主的,完全的"
1749,spacious,us 使用 ,"adj.广大的,大规模的"
1750,span,pan 面包 ,"n.跨度,跨距,范围;v.横越"
1751,spark,par 准备 ,"n.火花,火星,闪光,情郎,花花公子,活力,电信技师,瞬间放电;vi.闪烁,发火花,求婚;vt.发动,鼓舞,使有朝气,求婚"
1752,specialist,speci 看,"n.专门医师,专家"
1753,specialize,spec 看,"vi.专攻,专门研究,使适应特殊目的,使专用于"
1754,species,speci 看,"n.种类,(原)核素;n.[律]式样;n.[宗]圣餐物"
1755,specific,spec 看,"n.特效药,细节;adj.详细而精确的,明确的,特殊的,特效的,[生物]种的"
1756,specifically,all 其它 ,"adv.特定的,明确的"
1757,specification,fic 做,"n.详述,规格,说明书,规范"
1758,specify,fy 相信 ,"vt.指定,详细说明,列入清单"
1759,spectacle,spect 看,"n.观览物,展览物,公开展示,奇观,景象,光景,(apairof～s)眼镜"
1760,spectacular,spec 看,"adj.引人入胜的,壮观的"
1761,spectator,tor 扭，拧 ,n.观众(指比赛或表演)
1762,speculate,spec 看,"vi.推测,思索,做投机买卖"
1763,spelling,li 绑 ,"n.拼法,拼写法"
1764,spice,spic 看,"n.香料,调味品,趣味,意味,情趣"
1765,spider,spi 看,"n.蜘蛛,设圈套者,三脚架"
1766,spin,spi 看,"v.旋转,纺,纺纱;n.旋转"
1767,spiral,spi 看,adj.螺旋形的;n.螺旋;v.盘旋
1768,spiritual,pir 相 等 ,adj.精神上的
1769,spit,pit 追求 ,"n.唾液;v.吐(唾沫),吐出,发射,发出,喷吐"
1770,spite,it 走 ,"n.(in～of)不顾,不管,敌意;v.困扰"
1771,splendid,plen 装满（的）,"adj.壮丽的,辉煌的,极好的"
1772,split,pli 装满（的）,"v.劈开,(使)裂开,分裂,分离;n.裂开,裂口,裂痕"
1773,spokesman,man 手 ,"n.发言人,代表者"
1774,sponge,pon 放置,"n.海绵,(外科用的)棉球,纱布;v.用海绵冼涤,揩拭,清除,用海绵吸收(液体),(俗)依赖某人生活,诈取某人,海绵般吸收"
1775,spontaneous,pon 放置,"adj.自发的,自然产生的"
1776,spouse,us 使用 ,n.配偶(指夫或妻)
1777,sprinkle,prin 第一,"v.撒(某物)于(某物之表面),洒,喷撒"
1778,spy,spy 看,"n.特工人员,间谍,侦探,探员,秘密侦察他人行动者;v.侦察,侦察,发现"
1779,stab,st 立，站 ,"n.刺,刺伤的伤口,一阵突然而强烈的感觉,中伤,伤痛;v.剌,刺伤,伤害(感情等)"
1780,stability,it 走 ,n.稳定性
1781,stabilize,bi 生命 ,v.稳定
1782,stack,tack 钉，扣件 ,"n.堆,一堆,堆栈;v.堆叠"
1783,stadium,st 立，站 ,n.露天大型运动场
1784,stagger,ger 运送 ,"v.摇晃,蹒跚,交错,摇摇摆摆;adj.交错的"
1785,stain,st 立，站 ,"n.污点,瑕疵;v.染污,沾污"
1786,stake,st 立，站 ,n.树桩
1787,stalk,st 立，站 ,"n.茎,柄,梗,秆"
1788,standpoint,st 立，站 ,"n.立场,观点"
1789,stare,st 立，站 ,"v.(～at)凝视,盯着看"
1790,starve,st 立，站 ,vt.使饿死;vi.饿得要死
1791,statesman,stat 立，站 ,n.政治家
1792,static,st 立，站 ,"adj.静态的,静力的,静电噪声"
1793,statistic,stat 立，站 ,"n.统计量;adj.统计的,统计学的"
1794,statue,st 立，站 ,vt.以雕像装饰;n.雕像
1795,status,us 使用 ,"n.身份,地位,情形,状况"
1796,steamer,st 立，站 ,"n.汽船,蒸汽机"
1797,steer,st 立，站 ,"v.驾驶,掌舵"
1798,stereo,st 立，站 ,"n.立体声系统,立体声,[印]铅版,立体照片;adj.立体的,立体感觉的"
1799,stern,st 立，站 ,"adj.严厉的,苛刻的;n.船尾"
1800,stiff,sti 刺，扑灭 ,"adj.硬的,僵直的,拘谨的,呆板的,艰难的,费劲的,僵硬的"
1801,stimulate,st 立，站 ,"vt.刺激,激励;v.刺激,激励"
1802,stimulus,us 使用 ,"n.刺激物,促进因素,刺激,刺激"
1803,stir,sti 刺，扑灭 ,"n.轰动,搅动,监牢;vt.动,移动,摇动,激起,搅和,惹起;vi.走动,传播,流行"
1804,stock,st 立，站 ,"n.树干,库存,股票,股份,托盘,祖先,原料;adj.股票的,普通的,常备的,存货的,繁殖用的;vt.装把手于,进货,备有,放牧;vi.出新芽,采购"
1805,stoop,st 立，站 ,"n.弯腰,屈背,屈服;vi.弯下,弯下上身,屈服,弯腰,堕落;vt.俯曲,辱没"
1806,storage,ag 驱使；做 ,"n.贮藏(量),贮藏库,存储"
1807,straightforward,tra 拖，拉，拽,"adj.正直的,坦率的,简单的,易懂的,直接了当的;adv.坦率地"
1808,strain,st 立，站 ,"n.过度的疲劳,紧张,张力,应变;vt.扭伤,损伤;v.拉紧,扯紧,(使)紧张,尽力"
1809,strap,tra 拖，拉，拽,"n.带,皮带;vt.用带缚住,用带捆扎"
1810,strategic,st 立，站 ,"adj.战略的,战略上的"
1811,straw,tra 拖，拉，拽,"n.稻草,麦杆"
1812,stray,st 立，站 ,"v.迷路,偏离,漂泊,漂泊游荡;adj.迷路的,离群的,偶遇的"
1813,stream,st 立，站 ,"n.溪,川,流,一股,一串,河流;v.流,涌,流注"
1814,streamline,"am 爱 , 情爱",adj.流线型的
1815,stress,stress 拉紧,"n.重压,逼迫,压力,重点,着重,强调,重音;vt.着重,强调,重读"
1816,stretch,st 立，站 ,"v.伸展,伸长;n.一段时间,一段路程,伸展"
1817,striking,st 立，站 ,"adj.打击的,显著的,惊人的,罢工的"
1818,strip,st 立，站 ,"vt.剥,剥去;n.条,带"
1819,strive,st 立，站 ,"v.努力,奋斗,力争,斗争"
1820,stroll,st 立，站 ,"n.漫步,闲逛,四处流浪;v.闲逛,漫步,跋涉于"
1821,stubborn,st 立，站 ,"adj.顽固的,固执的,坚定的,坚决的,难应付的,难处理的"
1822,studio,di 日,"n.画室,照相室,工作室,(无线电或电视节目的)演播室,(制作电影的)摄影棚,(电影公司的)摄影场"
1823,stumble,st 立，站 ,"v.绊倒,使困惑,蹒跚,结结巴巴地说话,踌躇;n.绊倒,错误"
1824,stun,"tun 声 , 音调 ","vt.使晕倒,使惊吓,打晕;n.晕眩,打昏,惊倒"
1825,sturdy,st 立，站 ,"adj.强健的,坚定的,毫不含糊的;n.[兽医]家畜晕倒病"
1826,subject,su 跟随 ,"n.题目,主题,科目,学科,国民,[语法]主语;adj.受他国统治的,未独立的,受制于...的,受...影响的,以...为条件的;vt.使屈从于...,使隶属"
1827,submarine,su 跟随 ,"n.潜水艇,潜艇;adj.水下的,海底的"
1828,submit,mit 投，送，发 ,"v.(使)服从,(使)顺从;vt.提交,递交"
1829,subordinate,ord 命令,"adj.次要的,从属的,下级的;n.下属;v.服从"
1830,subscribe,su 跟随 ,"v.捐款,订阅,签署(文件),赞成,预订"
1831,subsidiary,sid 坐,"adj.辅助的,补充的"
1832,subsidy,su 跟随 ,"n.补助金,津贴"
1833,substantial,st 立，站 ,"adj.坚固的,实质的,真实的,充实的"
1834,substitute,su 跟随 ,"n.代用品,代替者,替代品;v.代替,替换,替代"
1835,subtract,tract 拖，拉，拽,"v.(～from)减去,减"
1836,suburb,urb 城市 ,"n.市郊,郊区"
1837,subway,su 跟随 ,"n.地道,<美>地铁"
1838,successive,cess 走 ,"adj.继承的,连续的"
1839,successor,ess 存在 ,"n.继承者,接任者,后续的事物"
1840,suck,su 跟随 ,"v.吸,吮,吸取"
1841,suffer,fer 带来，拿，负担 ,"vt.遭受,经历,忍受;vi.受痛苦,受损害"
1842,suffice,su 跟随 ,"vi.足够,有能力;vt.使满足"
1843,sufficient,fi 相信 ,"adj.充分的,足够的"
1844,suicide,cid 降落 ,"n.自杀,自毁,给自己带来伤害或损失的行为"
1845,suite,su 跟随 ,"n.(一批)随员,(一套)家具,套房,套,组,组曲"
1846,sum,sum 最高，总，拿 ,"n.总数,和,金额,算术题"
1847,summarize,su 跟随 ,"v.概述,总结,摘要而言"
1848,summit,sum 最高，总，拿 ,"n.顶点,最高阶层;adj.政府首脑的;vi.参加最高级会议的"
1849,summon,su 跟随 ,"v.召集,召唤,号召,鼓起,振作"
1850,sunlight,ig 驱使；做 ,"n.日光,阳光,日照"
1851,sunset,un 整体；联合 ,"n.日落,晚年"
1852,sunshine,su 跟随 ,n.阳光
1853,superficial,fic 做,"adj.表面的,肤浅的,浅薄的"
1854,superintendent,per 相 等 ,"n.主管,负责人,指挥者,管理者"
1855,superior,su 跟随 ,"n.长者,高手,上级;adj.较高的,上级的,上好的,出众的,高傲的"
1856,superiority,it 走 ,"n.优越,高傲"
1857,supervise,per 相 等 ,"v.监督,管理,指导"
1858,supplement,"ple 倍 , 重 , 折叠","n.补遗,补充,附录,增刊;v.补充"
1859,supplementary,su 跟随 ,"n.(supplementaries)增补者,增补物;adj.附助的"
1860,supply,ly 绑 ,"n.补给,供给,供应品;vt.补给,供给,提供,补充,代理;vi.替代他人职务"
1861,suppose,pos 放置 ,"vt.推想,假设,猜想;vi.料想;conj.假使...结果会怎样"
1862,suppress,su 跟随 ,"vt.镇压,抑制,查禁,使止住"
1863,surge,sur 确定 ,"n.巨涌,汹涌,澎湃;vi.汹涌,澎湃,振荡,滑脱,放松;vt.使汹涌奔腾,急放"
1864,surgeon,urg 做，工作 ,n.外科医生
1865,surgery,ger 运送 ,"n.外科,外科学,手术室,诊疗室"
1866,surpass,su 跟随 ,"vt.超越,胜过"
1867,surplus,us 使用 ,"n.剩余,过剩,[会计]盈余;adj.过剩的,剩余的;vt.转让,卖掉"
1868,surround,sur 确定 ,"vt.包围,环境;v.围绕"
1869,surrounding,un 整体；联合 ,"n.围绕物,环境;adj.周围的"
1870,survey,su 跟随 ,"n.测量,调查,俯瞰,概观,纵览,视察;vt.调查(收入,民意等)测量,勘定,审视,视察,俯瞰,通盘考虑;vi.测量土地"
1871,survival,vi 路 ,"n.生存,幸存,残存,幸存者,残存物"
1872,susceptible,"cept 拿 , 抓","adj.易受影响的,易感动的,容许...的;n.(因缺乏免疫力而)易得病的人"
1873,suspect,su 跟随 ,"n.嫌疑犯;adj.令人怀疑的,不可信的,可疑的;v.怀疑,猜想,对...有所觉察"
1874,suspend,us 使用 ,"vt.吊,悬挂;v.延缓"
1875,suspicion,spic 看,"n.猜疑,怀疑"
1876,suspicious,spi 看,"adj.(～of)可疑的,怀疑的"
1877,sustain,st 立，站 ,"vt.支撑,撑住,维持,持续"
1878,swamp,"am 爱 , 情爱","n.沼泽,湿地,煤层聚水;v.陷入沼泽,淹没,覆没"
1879,switch,it 走 ,"n.开关,电闸,转换;vt.转换,转变"
1880,symbol,"bol 抛 , 舞 , 球 ","n.符号,记号,象征"
1881,sympathetic,path 感受,"adj.有同情心的,合意的,赞成的;n.[解]交感神经,容易感受的人"
1882,sympathize,pat 感受,"vi.同情,共鸣,同感,同意,吊唁"
1883,symphony,phon 声音，说话,"n.交响乐,交响曲"
1884,symposium,pos 放置 ,"n.讨论会,座谈会"
1885,system,stem 立，站 ,"n.系统,体系,制度,体制,秩序,规律,方法"
1886,systematic(al),mat 成熟 ,"adj.组织性的,系统的"
1887,tackle,tack 钉，扣件 ,"n.工具,复滑车,滑车,辘轱,用具,装备,扭倒;vt.固定,应付(难事等),处理,解决,抓住;vi.捉住,扭住,扭倒"
1888,tag,tag 接触,"n.标签,鞋带、绳子等末端的金属物,垂下物,附属物,名称,标记符,陈词滥调,结束语;vt.加标签于,紧随,添饰,起浑名,连接;vi.紧随"
1889,tame,"am 爱 , 情爱","adj.(动物)驯服的,柔顺的,(人)没精打彩的,顺从的,被开垦的,沉闷的,乏味的,平淡的;vt.驯养,驯服,制服,使变得平淡;vi.变得驯服"
1890,tangle,tang 接触,n.混乱状态;v.处于混乱状态
1891,technician,tech 技术，艺术 ,"n.技术员,技师"
1892,technique,iqu 相等 ,"n.技术,技巧,方法,表演法,手法"
1893,tedious,di 日,"adj.单调乏味的,沉闷的,冗长乏味的"
1894,telecommuications,tele 远 ,"n.电讯,长途通讯,无线电通讯,电信学"
1895,telecommunication,eco 住所，经济，生态 ,"n.电讯,长途通讯,无线电通讯,电信学"
1896,temper,temper 时间,"n.(钢等)韧度,回火,性情,脾气,情绪,心情,调剂,趋向;v.(冶金)回火、锻炼,调和,调节"
1897,temperament,emper 命令 ,"n.气质,性情,易激动,急躁"
1898,temple,ple 装满（的）,"n.庙,寺,神殿,教堂,礼拜堂,太阳穴,鬓角"
1899,temporary,tempor 时间 ,"adj.暂时的,临时的,临时性"
1900,tempt,tempt 尝试，触摸 ,"vt.诱惑,引诱,吸引,使感兴趣,考验,试探"
1901,tenant,"ten 握 , 持 , 守","n.承租人,房客,租客;v.出租"
1902,tendency,tend 伸 ,"n.趋向,倾向"
1903,tender,"ten 握 , 持 , 守","adj.嫩的,温柔的,软弱的"
1904,tension,tens 伸 ,"n.紧张(状态),不安,拉紧,压力,张力,牵力,电压;vt.拉紧,使紧张"
1905,tentative,tent 伸 ,"n.试验,假设;adj.试验性的,试探的,尝试的,暂定的"
1906,terminal,min 小 ,"n.终点站,终端,接线端;adj.末期,每期的,每学期的"
1907,terrace,terr 惊吓 ,"n.梯田的一层,梯田,房屋之平顶,露台,阳台,倾斜的平地;adj.(女服)叠层式的;vt.使成梯形地,使有平台屋顶"
1908,terrific,terr 惊吓 ,adj.令人恐怖的
1909,terrify,fy 相信 ,"vt.使恐怖,恐吓"
1910,terror,terr 惊吓 ,"n.恐怖,可怕的人,恐怖时期,恐怖行动"
1911,testify,sti 刺，扑灭 ,"v.证明,证实,作证"
1912,testimony,st 立，站 ,"n.证词(尤指在法庭所作的),宣言,陈述"
1913,thanksgiving,vi 路 ,"n.感谢,[宗]感恩祈祷"
1914,thermometer,"meter 计量 , 测量 ","n.温度计,体温计"
1915,thigh,ig 驱使；做 ,"n.大腿,股"
1916,thirsty,st 立，站 ,"adj.口渴的,渴望的,热望的"
1917,thorough,hor 怕 ,"adj.十分的,彻底的"
1918,threaten,"ten 握 , 持 , 守","vt.恐吓,威胁,预示(危险),似有发生或来临的可能,可能来临"
1919,thrust,st 立，站 ,"n.插,戳,刺,推力,猛推,口头攻击;vt.力推,冲,插入,挤进,刺,戳,强加,延伸;vi.插入,刺,戳,延伸,强行推进"
1920,thunder,un 整体；联合 ,"n.雷,雷声,轰隆声;vi.打雷,雷鸣"
1921,timely,ly 绑 ,"adj.及时的,适时的"
1922,tissue,su 跟随 ,"n.薄的纱织品,薄纸,棉纸,[生]组织,连篇"
1923,title,it 走 ,"n.头衔,名称,标题,冠军,资格,字幕,权利,扉页;vt.赋予头衔,加标题于;adj.标题的,用作书名的"
1924,tolerate,rat 计算，推定，理由,"vt.忍受,容忍"
1925,tone,"ton 声 , 音调","n.音调,音质,语调,色调,状况,品质,语气,气氛;vt.调和,增强,以特殊腔调说,配合,定音调;vi.颜色调和"
1926,torch,tor 扭，拧 ,"n.火把,启发之物;vi.像火炬一样燃烧;vt.用火炬点燃"
1927,tour,tour 转，迂回,"n.旅行,游历,旅游;v.旅行,游历,巡回,漫游"
1928,toxic,oxic 尖锐，敏锐，氧 ,"adj.有毒的,中毒的"
1929,trace,tra 拖，拉，拽,"n.痕迹,踪迹,微量,迹线,缰绳;vt.描绘,映描,画轮廓,追踪,回溯,探索;vi.上溯,沿路走"
1930,tract,act 驱使；做 ,"n.广阔的地面,土地,地方,地域,(解剖)管道,小册子"
1931,trademark,mark 作记号，边界 ,n.商标
1932,tradition,"rad 光线 , 辐射","n.传统,惯例"
1933,tragedy,tra 拖，拉，拽,"n.悲剧,惨案,悲惨,灾难"
1934,tragic,ag 驱使；做 ,"adj.悲惨的,悲剧的;n.(文艺作品或生活中的)悲剧因素,悲剧风格"
1935,trait,tra 拖，拉，拽,"n.显著的特点,特性"
1936,transaction,act 驱使；做 ,"n.办理,处理,会报,学报,交易,事务,处理事务"
1937,transfer,fer 带来，拿，负担 ,"n.迁移,移动,传递,转移,调任,转帐,过户,转让;vt.转移,调转,调任,传递,转让,改变;vi.转移,转学,换车"
1938,transform,tra 拖，拉，拽,"vt.转换,改变,改造,使...变形;vi.改变,转化,变换;n.[数]变换(式),[语]转换"
1939,transistor,sist 立，站 ,n.[电子]晶体管
1940,transit,sit 坐,"n.经过,通行,搬运,运输,运输线,转变;vt.横越,通过,经过;vi.通过;n.[天]中天,经纬仪"
1941,transition,tra 拖，拉，拽,"n.转变,转换,跃迁,过渡,变调"
1942,transmission,miss 投，送，发,"n.播送,发射,传动,传送,传输,转播"
1943,transmit,tra 拖，拉，拽,"vt.传输,转送,传达,传导,发射,遗传,传播;vi.发射信号,发报"
1944,transparent,par 准备 ,"adj.透明的,显然的,明晰的"
1945,transport,port 拿，取 ,"n.传送器,运输,运输机,激动,流放犯,狂喜;vt.传送,运输,流放,放逐"
1946,transportation,ort 升起 ,"n.运输,运送"
1947,trap,tra 拖，拉，拽,"n.圈套,陷阱,诡计,活板门,存水弯,汽水闸,(双轮)轻便马车;vi.设圈套,设陷阱;vt.诱捕,诱骗,计捉,设陷,坑害,使受限制"
1948,traverse,vers 转 ,"n.横贯,横断,障碍,否认,反驳,通廊;vt.横过,穿过,经过,在...来回移动,反对,详细研究;vi.横越,旋转,来回移动;adj.横断的,横的"
1949,tray,"ray 光线 , 辐射","n.盘,碟,盘子"
1950,treaty,treat 拖，拉，拽 ,"n.条约,谈判"
1951,tremendous,mend 命令 ,"adj.极大的,巨大的"
1952,tribute,tribut 给 ,"n.贡品,礼物,颂词,殷勤,贡物"
1953,trigger,ger 运送 ,"vt.引发,引起,触发;n.板机"
1954,triple,ple 装满（的）,"n.三倍数,三个一组;adj.三倍的;vt.三倍与;vi.增至三倍"
1955,trivial,via 路 ,"adj.琐细的,价值不高的,微不足道的"
1956,tropical,trop 转 ,"adj.热带的,热情的"
1957,truly,ly 绑 ,"adv.真实地,不假"
1958,trunk,un 整体；联合 ,"n.干线,树干,躯干,箱子,主干,象鼻;vt.把...放入旅行箱内;adj.树干的,躯干的,干线的,箱形的"
1959,tuition,it 走 ,n.学费
1960,tune,"tun 声 , 音调 ","n.曲调,调子,和谐,合调;vt.调音,调整,拨收,收听,知道或察觉他人所说的话或表现的情绪"
1961,tunnel,un 整体；联合 ,"n.隧道,地道"
1962,turbine,bi 生命 ,n.涡轮
1963,tutor,tor 扭，拧 ,"n.家庭教师,(大学)指导教师,助教,监护人,辅导教师;v.辅导"
1964,twist,st 立，站 ,"n.一扭,扭曲,盘旋,曲折,歪曲,手法,螺旋状;vt.拧,扭曲,绞,搓,捻,使苦恼,使转动,编织;vi.扭弯,扭曲,缠绕,扭动,呈螺旋形"
1965,typewriter,it 走 ,n.打字机
1966,typist,"typ 打击 , 压印 ",n.打字员
1967,ugly,ly 绑 ,"adj.丑陋的,难看的"
1968,ultraviolet,viol 力，暴力 ,"adj.紫外线的,紫外的;n.紫外线辐射"
1969,unanimous,un 整体；联合 ,"adj.意见一致的,无异议的"
1970,underestimate,sti 刺，扑灭 ,"vt.低估,看轻;n.低估"
1971,undergo,un 整体；联合 ,"vt.经历,遭受,忍受"
1972,underground,erg 做，工作 ,"adj.地下的,地面下的,秘密的;n.[英]地铁;adv.在地下,秘密地"
1973,underline,un 整体；联合 ,"vt.在...下面划线,作...的衬里,加下划线,强调;n.下划线"
1974,underlying,ly 绑 ,"adj.在下面的,根本的,潜在的,[商]优先的"
1975,underneath,un 整体；联合 ,adv.在下面;prep.在...的下面
1976,understanding,st 立，站 ,"n.谅解,理解"
1977,undo,un 整体；联合 ,"vt.解开,松开;v.取消,撤消"
1978,undoubtedly,ly 绑 ,"adv.无庸置疑地,的确地"
1979,unemployment,ment 记忆 ,"n.失业,失业人数"
1980,unexpected,nex 结，系 ,"adj.想不到的,意外的,未预料到"
1981,unfold,un 整体；联合 ,"vt.打开,显露,开展,阐明;vi.伸展,开花,呈现;vt.放(羊)出栏"
1982,unfortunately,ly 绑 ,adv.不幸地
1983,union,uni 整体；联合 ,"n.联合,合并,结合,联盟,协会"
1984,unique,iqu 相等 ,"adj.唯一的,独特的"
1985,unite,un 整体；联合 ,"v.联合,团结"
1986,unity,it 走 ,"n.团结,联合,统一,一致"
1987,universe,vers 转 ,"n.宇宙,世界,万物,领域"
1988,unless,ess 存在 ,"conj.如果不,除非"
1989,unlike,un 整体；联合 ,"adj.不同的,不相似的;prep.不象...,和...不同"
1990,unusual,un 整体；联合 ,"adj.不平常的,与众不同的,不寻常的"
1991,upgrade,grad 步，走 ,"n.升级,上升,上坡;adv.往上;vt.使升级,提升,改良品种"
1992,upper,per 相 等 ,"adj.上面的,上部的,较高地位的"
1993,upright,pri 第一 ,"adj.垂直的,竖式的,正直的,诚实的,合乎正道的;adv.笔直,竖立着;n.垂直,竖立"
1994,urban,urb 城市 ,"adj.城市的,市内的"
1995,urgent,gent 出生 ,"adj.急迫的,紧急的"
1996,usage,ag 驱使；做 ,"n.使用,用法"
1997,utility,li 绑 ,"n.效用,有用"
1998,utmost,st 立，站 ,"n.极限,最大可能,极力;adj.极度的,最远的"
1999,utter,ut 使用 ,"adj.全然的,绝对的;vt.发出,做声,发表,发射,流通"
2000,vacation,vac 空 ,"n.假期,休假,(房屋等的)腾出;v.<美>度假,休假"
2001,vague,ag 驱使；做 ,"adj.含糊的,不清楚的,茫然的,暧昧的"
2002,valid,ali 其它 ,"adj.[律]有效的,有根据的,正当的,正确的"
2003,valve,val 强 ,"n.阀,[英]电子管,真空管"
2004,vanish,van 空 ,"vi.消失,突然不见,[数]成为零;n.[语]弱化音"
2005,variable,var 变 ,"n.[数]变数,可变物,变量;adj.可变的,不定的,易变的,[数]变量的"
2006,variety,var 变 ,"n.变化,多样性,种种,品种,种类"
2007,various,us 使用 ,"adj.不同的,各种各样的,多方面的,多样的"
2008,vast,vast 空，荒废 ,"adj.巨大的,辽阔的,大量的,巨额的"
2009,vegetation,veg 活 ,"n.[植]植被,(总称)植物、草木,(植物的)生长、呆板单调的生活"
2010,velocity,cit 召唤 ,"n.速度,速率,迅速,周转率"
2011,vent,vent 来 ,"n.通风孔,出烟孔,出口,(感情等的)发泄;v.放出,排出,发泄"
2012,ventilate,"lat 拿，持，带来，搬运 , 担负 ","vt.使通风,给...装通风设备"
2013,venture,ven 来,"n.冒险,投机,风险;v.冒险,冒昧,斗胆,胆敢(谦语)"
2014,verdict,dict 言，说,"n.[律](陪审团的)裁决,判决,判断,定论,结论"
2015,verge,erg 做，工作 ,v.濒临;n.边缘
2016,verify,fy 相信 ,"vt.检验,校验,查证,核实;[计]打开或关闭文件的读写校验"
2017,verse,vers 转 ,"n.韵文,诗,诗节,诗句,诗篇"
2018,versus,vers 转 ,"prep.对(指诉讼,比赛等中),与...相对"
2019,vertical,vert 转 ,"adj.垂直的,直立的,顶点的,[解]头顶的;n.垂直线,垂直面,竖向"
2020,vessel,esse 存在,"n.船,容器,器皿,脉管,导管"
2021,via,via 路 ,"prep.经,通过,经由"
2022,vibrate,vi 路 ,"v.(使)振动,(使)摇摆"
2023,vicinity,it 走 ,"n.邻近,附近,接近"
2024,vicious,vi 路 ,"adj.恶的,不道德的,恶意的,刻毒的,堕落的,品性不端的,有错误的"
2025,video,vi 路 ,"n.电视,录象,视频"
2026,vigorous,ig 驱使；做 ,"adj.精力旺盛的,有力的,健壮的"
2027,vinegar,vi 路 ,n.醋
2028,violence,viol 力，暴力 ,"n.猛烈,强烈,暴力,暴虐,暴行,强暴"
2029,violent,vi 路 ,"adj.猛烈的,激烈的,暴力引起的,强暴的"
2030,violin,viol 力，暴力 ,"n.小提琴,小提琴手"
2031,virgin,vi 路 ,"n.处女,处男;adj.处女的,童贞的,纯洁的,洁白无瑕疵的,未被玷污的,原始的,处于原状态的,未伐过的森林;美国游戏公司"
2032,virtually,all 其它 ,"adv.事实上,实质上"
2033,virtue,vi 路 ,"n.德行,美德,贞操,优点,功效,效力,英勇"
2034,virus,us 使用 ,"n.[微]病毒,滤过性微生物,毒害,恶毒(vires[5vaiEri:z]n.活力)"
2035,visible,vi 路 ,"adj.看得见的,明显的,显著的;n.可见物"
2036,visual,su 跟随 ,"adj.看的,视觉的,形象的,栩栩如生的"
2037,visualize,vi 路 ,"vt.形象,形象化,想象;vi.显现"
2038,vitamin,vit 活,"n.维他命,维生素"
2039,vivid,vi 路 ,"adj.生动的,鲜明的,鲜艳的,大胆的,清晰的,活泼的,逼真的"
2040,void,void 空 ,"n.空间,空旷,空虚,怅惘;adj.空的,无人的,空闲的,无效的,无用的,没有的"
2041,volcano,vol 滚，转 ,n.火山
2042,volt,vol 意志，意愿 ,"n.(马术中的)环骑,[击剑]闪避,[电工]伏特"
2043,voltage,ag 驱使；做 ,"n.[电工]电压,伏特数"
2044,voluntary,volunt 意志，意愿 ,"adj.自动的,自愿的,主动的,故意的,非官办的,志愿的,自发的"
2045,volunteer,vol 滚，转 ,"n.志愿者,志愿兵;adj.志愿的,义务的,无偿的;v.自愿"
2046,wagon,ag 驱使；做 ,"n.四轮马车,货车;v.用马车运输货物"
2047,wallet,all 其它 ,"n.皮夹,钱夹,钓鱼带"
2048,warehouse,us 使用 ,"n.仓库,货栈,大商店;vt.贮入仓库,<俚>[经]以他人名义购进(股票)"
2049,watertight,tig 接触,"adj.不漏水的,水密的"
2050,weapon,pon 放置,n.武器
2051,weekly,ly 绑 ,"adj.每星期的,一周的;adv.每周一次;n.周刊,周报"
2052,welfare,fare 去 ,"n.福利,安宁,幸福,福利事业,社会安全;adj.福利的"
2053,whilst,st 立，站 ,"conj.时时,同时（与while同义）"
2054,whisper,per 相 等 ,"n.耳语,私语,密谈,谣传,飒飒的声音;vi.耳语,密谈,飒飒地响;vt.低声说"
2055,whistle,st 立，站 ,"n.口哨,汽笛,口哨声,汽笛声;v.吹口哨,鸣汽笛"
2056,wholly,ly 绑 ,"adv.整个,统统,全部,专门地"
2057,widow,dow 给 ,n.寡妇;v.使成寡妇(或鳏夫)
2058,wisdom,dom 屋，统治,"n.智慧,明智的行为,学识,名言,贤人,至理名言"
2059,wit,it 走 ,"n.智力,才智,智慧"
2060,withhold,it 走 ,"vt.使停止,拒给,保留,抑制;vi.忍住"
2061,witness,ess 存在 ,"n.[律]证人,目击者,证据,证明,证词;vt.目击,为...作证,证明,表明;vi.作证,成为证据"
2062,workman,man 手 ,"n.工人,工匠,男工"
2063,worthless,ort 升起 ,"adj.无价值的,无益的"
2064,worthy,ort 升起 ,"n.杰出人物,知名人士;adj.有价值的,应...的,可敬的,值得的,相称的"
2065,wrist,ris 笑 ,"n.手腕,腕关节"
2066,writer,it 走 ,"n.作者,作家,复写器"
2067,X-ray,"ray 光线 , 辐射",X-raysX光，X射线
2068,yearly,ly 绑 ,adj.每年的;adv.每年
2069,youngster,un 整体；联合 ,"n.年青人,少年"
2070,zone,zo 动物 ,"n.地域,地带,地区,环带,圈;vt.环绕,使分成地带;vi.分成区"
