,单词,词频,单词释义
0,abandon,1,"vt.放弃,遗弃;n.放任,狂热"
1,aboard,1,"adv.在船(飞机、车)上,上船(飞机、车);prep.在(船、飞机、车)上,上(船、飞机、车)"
2,abroad,23,"adv.往国外,到处,海外,广泛,差得远,心里没有谱"
3,absence,7,"n.不在,缺席,缺乏,没有"
4,absent,4,"adj.不在的,缺席的,缺少的;vt.缺席"
5,absolute,2,"adj.完全的,绝对的"
6,abstract,8,"n.摘要,概要,抽象;adj.抽象的,深奥的,理论的;vt.摘要,提炼,抽象化"
7,abundance,1,"n.丰富,充裕,丰富充裕"
8,abuse,4,"n.滥用,虐待,辱骂,陋习;v.滥用,虐待,辱骂"
9,academy,1,"n.(高等)专科院校,研究院,学会,学术团体,学院"
10,accent,1,"n.重音,口音,重音符"
11,access,33,"n.通路,访问,入门;vt.存取,接近"
12,accident,16,"n.意外事件,事故"
13,accommodate,2,"vt.供应,供给,使适应,调节,和解,向...提供,容纳,调和;vi.适应"
14,accompany,1,"vt.陪伴,伴奏"
15,accordance,2,"n.一致,和谐"
16,accordingly,2,"adv.因此,从而"
17,accumulate,1,"v.积聚,堆积"
18,accuracy,1,"n.精确性,正确度"
19,accustomed,1,"adj.通常的,习惯的,按照风俗习惯的"
20,achievement,8,"n.成就,功绩"
21,acid,1,"n.[化]酸,<俚>迷幻药;adj.酸的,讽刺的,刻薄的"
22,acquaint,1,"vt.使熟知,通知"
23,acquire,10,"vt.获得,学到"
24,action,19,"n.动作,作用,战斗,行动,情节,(最能产生效果,最有趣,最有刺激性的活动);vt.对...起诉"
25,active,9,"adj.积极的,能起作用的,现行的,[语法]主动的,活动的,活跃的;n.[语法]主动语态,积极分子"
26,acute,1,"adj.敏锐的,[医]急性的,剧烈"
27,addition,15,"n.加,加起来,增加物,增加,加法"
28,additional,6,"adj.另外的,附加的,额外的"
29,adjust,6,"vt.调整,调节,校准,使适合"
30,admire,6,"v.赞美,钦佩,羡慕"
31,admit,2,"v.容许,承认,接纳"
32,adopt,5,"vt.采用,收养"
33,adult,14,"n.成人,成年人;adj.成人的,成熟的"
34,advanced,14,"adj.高级的,年老的,先进的"
35,advertise,4,"v.做广告,登广告"
36,advisable,2,"adj.可取的,明智的"
37,affect,16,"vt.影响,感动,侵袭,假装"
38,affection,1,"n.友爱,爱情,影响,疾病,倾向"
39,afford,22,"vt.提供,给予,供应得起"
40,agency,9,"n.代理处,行销处,代理,中介"
41,agenda,1,n.议程
42,aggressive,6,"adj.好斗的,敢作敢为的,有闯劲的,侵略性的"
43,agriculture,1,"n.农业,农艺,农学"
44,aircraft,1,n.航行器
45,airline,1,n.定期航线
46,airport,14,"n.<主美>小型民用机场,私人飞机降落场"
47,alarm,7,"n.警报,惊慌,警告器;vt.恐吓,警告"
48,album,2,"n.集邮本,照相簿,签名纪念册"
49,alert,4,"adj.提防的,警惕的;n.警惕,警报"
50,alike,2,"adj.相同的,相似的;adv.以同样的方式,类似于"
51,allow,12,"vt.允许,承认"
52,alongside,4,adv.在旁;prep.横靠
53,alter,1,v.改变
54,alternative,8,"n.二中择一,可供选择的办法,事物;adj.选择性的,二中择一的"
55,altitude,1,"n.(尤指海拔)高度,高处(海拔甚高的地方),(等级,地位等)高等"
56,amateur,1,"n.业余爱好者,业余艺术家"
57,ambassador,2,n.大使
58,ambition,1,"n.野心,雄心"
59,amid,5,prep.在...中
60,amuse,1,"vt.使发笑,使愉快"
61,analysis,6,"n.分析,分解"
62,ancient,26,"adj.远古的,旧的"
63,angle,1,"n.[数]角,角落;vi.钓鱼,追逐"
64,annoy,1,"vt.使苦恼,骚扰"
65,anticipate,1,"vt.预期,期望,过早使用,先人一着,占先;v.预订,预见,可以预料"
66,anxiety,2,"n.忧虑,焦急,渴望,热望"
67,anxious,1,"adj.观念的,担忧的,渴望的,盼望的"
68,anyway,7,"adv.无论如何,总之"
69,apartment,20,"n.<美>公寓住宅,单元住宅,房间"
70,apologize,4,"vi.(apologise)道歉,辩白"
71,apology,2,"n.(为某种思想,宗教,哲学等)辩解,道歉"
72,apparent,2,"adj.显然的,外观上的"
73,appearance,6,"n.出现,露面,外貌,外观"
74,appetite,9,"n.食欲,胃口,欲望,爱好"
75,applause,1,"n.鼓掌欢迎,欢呼"
76,appliance,1,"n.用具,器具"
77,applicant,1,"n.申请者,请求者"
78,apply,12,"vt.申请,应用;vi.申请,适用"
79,appoint,1,"vt.约定,指定(时间,地点),任命,委任"
80,appreciate,6,"vt.赏识,鉴赏,感激;vi.增值,涨价"
81,appropriate,7,adj.适当的
82,approval,5,"n.赞成,承认,正式批准"
83,approve,2,"vi.赞成,满意;vt.批准,通过;v.批准"
84,arc,3,"n.弧,弓形,拱"
85,architect,2,n.建筑师
86,argue,12,"vi.争论,辩论;vt.说服"
87,argument,10,"n.争论,辩论,论据,论点,～(for,against),意见"
88,arise,3,"vi.出现,发生,起因于"
89,arithmetic,1,"n.算术,算法"
90,arouse,6,"vt.唤醒,唤起,鼓励,引起;vi.睡醒"
91,arrange,3,"v.安排,排列,协商"
92,arrangement,1,"n.排列,安排"
93,array,1,"n.排列,编队,军队,衣服,大批;vt.部署,穿着,排列"
94,arrival,1,"n.到来,到达,到达者"
95,artificial,2,"adj.人造的,假的,非原产地的"
96,artistic,14,"adj.艺术的,有美感的,风雅的"
97,ashamed,4,"adj.惭愧的,羞耻的"
98,aspect,2,"n.样子,外表,面貌,(问题等的)方面"
99,assembly,2,"n.集合,装配,集会,集结,汇编"
100,asset,1,"n.资产,有用的东西"
101,assignment,13,"n.分配,委派,任务,(课外)作业"
102,assistance,3,"n.协助,援助,补助,<英>国家补助"
103,assistant,3,"n.助手,助教;adj.辅助的,助理的"
104,association,2,"n.协会,联合,结交,联想"
105,assumption,3,"n.假定,设想,担任,承当,假装,作态"
106,assure,1,"vt.断然地说,确告,保证,担保"
107,atmosphere,12,"n.大气,空气,气氛"
108,atomic,2,"adj.原子的,原子能的,微粒子的"
109,attack,10,"n.进攻,攻击,(用语言)抨击,批评,疾病发作,侵袭;vt.攻击,抨击,动手处理(某事);vi.攻击"
110,attain,2,"vt.达到,获得;v.达到"
111,attitude,13,"n.姿势,态度,看法,意见"
112,attorney,2,"n.<美>律师,(业务或法律事务上的)代理人"
113,attraction,2,"n.吸引,吸引力,吸引人的事物"
114,attribute,4,"n.属性,品质,特征,加于,归结于"
115,audience,18,"n.听众,观众,接见,拜见"
116,authentic,3,adj.可信的
117,authority,4,"n.权威,威信,权威人士,权力,职权,典据,著作权威"
118,auto,2,n.<美口>汽车
119,automobile,1,"n.<主美>汽车(=<英>motorcar,car)"
120,available,43,"adj.可用到的,可利用的,有用的,有空的,接受探访的"
121,average,51,"n.平均,平均水平,平均数,海损;adj.一般的,通常的,平均的;vt.平均为,均分,使平衡,达到平均水平;vi.买进,卖出"
122,aviation,1,"n.飞行,航空,航空学,航空术"
123,award,3,"n.奖,奖品;vt.授予,判给"
124,awful,8,"adj.可怕的,威严的,<口>极度的,糟糕的"
125,bachelor,3,"n.单身汉,文理学士,幼雄兽"
126,backward,3,"adv.adj.向后地(的),相反地(的),追溯,退步,由好变坏"
127,bacteria,4,n.细菌
128,bake,1,"v.烘焙,烤,烧硬"
129,balloon,2,n.气球
130,bamboo,2,n.竹子
131,band,2,"n.带子,镶边,波段,队,乐队;v.联合,结合"
132,bankrupt,6,"n.破产者;adj.破产了的,完全丧失;vt.使破产"
133,banner,2,"n.旗帜,横幅,标语;"
134,banquet,1,n.宴会
135,bare,3,"adj.赤裸的,无遮蔽的,空的;vt.使赤裸,露出"
136,bargain,5,"n.契约,合同,成交商品,便宜货;v.议价"
137,barrier,1,"n.(阻碍通道的)障碍物,栅栏,屏障"
138,basically,5,"adv.基本上,主要地"
139,bat,1,"n.蝙蝠,球棒;v.用球棒击球;[计]批处理文件的扩展名;abbr.[军]BasicArmorTraining,装甲兵基础训练"
140,battery,1,"n.电池,殴打"
141,bearing,2,"n.轴承,关系,方面,意义,方向,方位"
142,beforehand,2,adv.预先
143,behalf,1,"n.为,利益"
144,behavior,21,"n.举止,行为"
145,belief,7,"n.信任,信心,信仰"
146,beneath,3,adv.在...之下;prep.在...之下
147,benefit,46,"n.利益,好处;vt.有益于,有助于;vi.受益"
148,besides,10,adv.此外;prep.除...之外
149,bet,2,"n.赌,打赌;v.赌,赌钱"
150,betray,2,"vt.出卖,背叛,泄露(秘密),露出...迹象"
151,beyond,31,"prep.在(到)...较远的一边,超过,那一边;adv.在远处;n.远处"
152,Bible,4,n.《圣经》
153,bid,5,"vt.出价,投标,祝愿,命令,吩咐;n.出价,投标;v.支付"
154,bind,1,"v.绑,镶边,装订,凝固,约束"
155,biology,7,"n.生物学,生物(总称)"
156,blank,41,"adj.空白的,空着的,失色的,没有表情的;n.空白,<美>表格"
157,blink,1,"v.眨眼,闪亮,无视"
158,board,17,"n.木板,(供特殊用途的)木板,甲板,膳食费用,会议桌,部;vt.用板盖上,包饭,提供膳食,上(船、飞机等)"
159,bold,2,adj.大胆的;n.粗体
160,bond,2,"n.结合(物),粘结(剂),联结,公债,债券,合同;v.结合"
161,bonus,2,"n.奖金,红利"
162,boom,4,"n.繁荣,隆隆声;v.发隆隆声,兴隆,大事宣传"
163,boot,5,"n.<美>(长统)靴,靴子;v.导入"
164,bore,1,"n.令人讨厌的人,怒潮,枪膛,孔;v.使烦扰,钻孔"
165,bound,10,"n.跃进,跳,范围,限度;adj.正要启程的,开往...去的,被束缚的,装订的;v.跳跃,限制"
166,brand,8,"n.商标,牌子,烙印;vt.打火印,污辱"
167,brave,1,adj.勇敢的
168,breadth,1,"n.宽度,(布的)幅宽,(船)幅"
169,breakthrough,1,n.突破
170,breed,1,"v.(使)繁殖,教养,抚养;n.品种,种类"
171,brew,1,"v.酿造,酝酿"
172,brick,1,"n.砖,砖块,砖形物(如茶砖,冰砖等),<口>心肠好的人"
173,brief,11,"n.摘要,大纲;adj.简短的,短暂的;vt.摘要,(军事)下达简令"
174,brilliant,1,"adj.灿烂的,闪耀的,有才气的"
175,bubble,2,"n.泡沫,幻想的计划;vi.起泡,潺潺的流"
176,bucket,1,"n.桶,一桶的量,[桶状物]铲斗"
177,budget,16,"n.预算;vi.做预算,编入预算"
178,bug,1,"n.小虫,臭虫;v.装置窃听器,打扰"
179,bulk,2,"n.大小,体积,大批,大多数,散装;vt.显得大,显得重要"
180,bunch,2,"n.串,束v.捆成一束"
181,bundle,1,"n.捆,束,包;v.捆扎"
182,bureau,1,"n.办公桌,衣柜;<美>局,办公署"
183,burst,2,"v.爆裂,炸破,急于,爆发;n.突然破裂,爆发,脉冲"
184,bust,1,"n.半身像,胸像,(妇女的)胸部"
185,bypass,1,"n.旁路;vt.设旁路,迂回"
186,cabinet,1,"n.(有抽屉或格子的)橱柜,<美>内阁;adj.<美>内阁的,小巧的"
187,cafeteria,4,n.自助餐厅
188,calm,3,"adj.(天气、海洋等)静的,平静的,镇静的,沉着的;v.(使)平静,(使)镇定,平息"
189,campaign,3,"n.[军]战役,(政治或商业性)活动,竞选运动;vi.参加活动,从事活动,作战"
190,canal,1,"n.运河,小道,导管,槽,沟渠;vt.开运河"
191,cancer,7,"n.癌,毒瘤"
192,candidate,5,"n.候选人,投考者"
193,candy,2,"n.糖果,冰糖;v.蜜饯,糖煮(水果)"
194,capable,5,"adj.有能力的,能干的,有可能的,可以...的"
195,capture,3,"n.捕获,战利品;vt.俘获,捕获,夺取"
196,career,32,"n.(原意：道路,轨道)事业,生涯,速度"
197,cargo,1,"n.船货,(车、船、飞机等运输的)货物"
198,carriage,1,"n.马车,客车,运费,姿态,（机械）车架"
199,carrier,1,"n.运送者,邮递员,带菌者,(自行车等)行李架,搬运器,航空母舰;n.[电]载波（信号）"
200,cartoon,1,"n.(报刊上的)政治性漫画,讽刺画,卡通画,漫画(常有解说词);v.画漫画;n.卡通片,动画片"
201,cash,11,n.现金;vt.兑现
202,cast,1,"n.投掷,铸件,脱落物,一瞥,演员表;v.投,抛,投射,浇铸,计算,派(角色)"
203,catalog,2,"n.目录,目录册;v.编目录"
204,category,4,"n.种类,别,[逻]范畴"
205,cater,1,"vi.备办食物,满足(需要),投合"
206,cattle,1,"n.牛,家养牲畜"
207,cautious,3,"adj.谨慎的,小心的"
208,census,2,n.人口普查
209,centigrade,1,"adj.分为百度的,百分度的,摄氏温度的"
210,cereal,1,"n.谷类食品,谷类"
211,certainty,1,"n.确定,确实的事情"
212,challenge,23,n.挑战;vt.向...挑战
213,champion,2,"n.冠军,拥护者,战士;vt.拥护,支持"
214,chaos,2,"n.混乱,混沌(宇宙未形成前的情形)"
215,chapter,2,n.(书籍中)章节
216,characteristic,4,"adj.特有的,表示特性的,典型的;n.特性,特征"
217,charge,18,"n.负荷,电荷,费用,主管,掌管,充电,充气,装料;v.装满,控诉,责令,告诫,指示,加罪于,冲锋,收费"
218,charity,7,"n.慈善,施舍,慈善团体"
219,charm,2,"n.吸引力,(女人的)魔力,魅力,符咒;vt.迷人,使陶醉,行魔法;vi.用符咒,有魔力"
220,charter,1,"vt.租,包(船、车等);n.宪章"
221,cheat,5,"n.欺骗,骗子;v.欺骗,骗取"
222,chemical,3,"adj.化学的;n.化学制品,化学药品;n.化学药品"
223,cherish,2,"vt.珍爱,怀抱(希望等)"
224,chief,20,"n.首领,领袖,酋长,长官,主要部分,最有价值的部分;adj.主要的,首要的,首席的,主任的"
225,childhood,13,n.孩童时期
226,chip,1,"n.碎片,筹码;v.削成碎片,碎裂;芯片"
227,chorus,1,"n.合唱,合唱队,齐声"
228,Christian,3,"n.基督徒,信徒;adj.基督教的,信基督教的"
229,chronic,1,"adj.慢性的,延续很长的"
230,cigarette,3,"n.香烟,纸烟"
231,circuit,2,"n.电路,一圈,周游,巡回"
232,circulate,1,"v.(使)流通,(使)运行,(使)循环,(使)传播"
233,circumstance,2,"n.环境,详情,境况"
234,cite,5,"vt.引用,引证,提名表扬"
235,civil,2,"adj.全民的,市民的,公民的,国民的,民间的.民事的,根据民法的,文职的,有礼貌的"
236,civilization,9,"n.文明,文化,文明社会,文明,一个著名游戏的名称"
237,claim,8,"n.(根据权利提出)要求,要求权,主张,要求而得到的东西;vt.(根据权利)要求,认领,声称,主张,需要"
238,clarify,1,"v.澄清,阐明"
239,clash,1,"n.冲突,撞击声,抵触;v.(使)发出撞击声,猛撞,冲突"
240,classic,3,"n.杰作,名著;adj.第一流的"
241,clerk,1,"n.职员,办事员,<美>店员"
242,client,2,"n.[计]顾客,客户,委托人"
243,climate,16,"n.气候,风土,思潮"
244,cling,4,"vi.粘紧,附着,紧贴,坚持(意见),墨守(习惯)"
245,clue,2,n.线索
246,clumsy,1,adj.笨拙的
247,coach,11,"n.四轮大马车,长途汽车,教练;v.训练,指导"
248,cognitive,2,"adj.认知的,认识的,有感知的"
249,collaboration,6,"n.协作,通敌"
250,collapse,3,"n.倒塌,崩溃,失败,虚脱;vi.倒塌,崩溃,瓦解,失败,病倒"
251,collection,4,"n.收藏,征收,搜集品,捐款"
252,collective,2,adj.集体的;n.集体
253,collision,1,"n.碰撞,冲突"
254,column,3,"n.圆柱,柱壮物,专栏,纵队"
255,combination,4,"n.结合,联合,合并,化合,化合物"
256,comet,14,n.彗星
257,comic,3,"n.滑稽演员;adj.滑稽的,喜剧的"
258,comment,10,"n.注释,评论,意见;vi.注释,评论"
259,commerce,9,n.商业
260,commit,6,"vt.犯(错误),干(坏事),把...交托给,提交,答应负责"
261,committee,5,n.委员会
262,communicate,14,"v.沟通,通信,(房间、道路、花园等)相通,传达,感染"
263,community,34,"n.公社,团体,社会,(政治)共同体,共有,一致,共同体,(生物)群落"
264,companion,2,"n.同伴,共事者"
265,compare,3,"v.比较,相比,比喻n.比较"
266,comparison,1,"n.比较,对照,比喻,比较关系"
267,compatible,1,"adj.谐调的,一致的,兼容的"
268,compel,1,"vt.强迫,迫使"
269,compensate,1,"v.偿还,补偿,付报酬"
270,competence,1,n.能力
271,competition,24,"n.竞争,竞赛"
272,competitive,8,adj.竞争的
273,complain,13,"v.抱怨,悲叹,控诉"
274,complaint,4,"n.诉苦,抱怨,牢骚,委屈,疾病"
275,complement,1,"n.补足物,[文法]补语,[数]余角;vt.补助,补足"
276,complicated,12,"adj.复杂的,难解的"
277,complication,1,"n.复杂化,(使复杂的)因素;n.[医]并发症"
278,comply,1,"vi.顺从,答应,遵守"
279,comprehension,2,"n.理解,包含"
280,comprise,2,"v.包含,由...组成"
281,compulsory,6,"adj.必需做的,必修的,被强迫的,被强制的,义务的"
282,conceal,2,"vt.隐藏,隐蔽,隐瞒;v.隐蔽"
283,concentrate,9,"v.集中,浓缩"
284,concentration,7,"n.集中,集合,专心,浓缩,浓度"
285,conception,1,"n.观念,概念"
286,concerning,2,prep.关于
287,conclude,3,"v.结束,终止,决定,作出结论;vt.推断,断定,缔结,议定"
288,condemn,1,"vt.判刑,处刑,声讨,谴责"
289,condition,20,"n.条件,情形,环境,社会地位;vt.以...为条件,使达到要求的情况"
290,conduct,6,"n.行为,操行;v.引导,管理,为人,传导"
291,conference,10,"n.会议,讨论会,协商会"
292,confidence,12,n.信心
293,confirm,4,"vt.确定,批准,使巩固,使有效;v.确认,(基督教中)给...行按手礼"
294,conform,8,"vt.使一致,使遵守,使顺从;vi.符合,相似,适应环境;adj.一致的,顺从的"
295,confront,4,"vt.使面临,对抗"
296,confuse,1,"vt.搞乱,使糊涂"
297,congratulate,1,"vt.祝贺,庆贺,恭喜"
298,conjunction,1,"n.联合,关联,连接词"
299,connection,4,"n.连接,关系,接线,线路,亲戚"
300,conquer,1,"vt.征服,战胜,占领,克服(困难等),破(坏习惯等)"
301,conscience,2,"n.良心,道德心"
302,conscious,10,"adj.有意识的,有知觉的,故意的,羞怯的"
303,consensus,2,"n.一致同意,多数人的意见,舆论"
304,consequence,2,"n.结果,[逻]推理,推论,因果关系,重要的地位"
305,consequently,5,"adv.从而,因此"
306,conservative,2,"adj.保守的,守旧的;n.保守派"
307,considerable,6,"adj.相当大(或多)的,值得考虑的,相当可观的"
308,consideration,16,"n.体谅,考虑,需要考虑的事项,报酬"
309,consist,1,"vi.由...组成,在于,一致"
310,consolidate,1,v.巩固
311,constant,8,"n.[数、物]常数,恒量;adj.不变的,持续的,坚决的"
312,constitute,3,"vt.制定(法律),建立(政府),组成,任命"
313,construct,3,"vt.建造,构造,创立"
314,consultant,2,"n.顾问,商议者,咨询者"
315,consumer,13,n.消费者
316,contact,34,"n.接触,联系;vt.接触,联系"
317,contemporary,6,"n.同时代的人;adj.当代的,同时代的"
318,contest,12,"n.论争,竞赛;v.,争论,争辩,竞赛,争夺"
319,contract,9,"n.合同,契约,婚约;v.使缩短,感染,订约"
320,contrast,11,"vt.使与...对比,使与...对照;vi.和...形成对照;n.对比,对照,(对照中的)差异"
321,contribution,11,"n.捐献,贡献,投稿"
322,controversial,4,"adj.争论的,争议的"
323,convenience,6,"n.便利,方便,有益,有用的,方便的用具、机械、安排等"
324,conventional,12,"adj.惯例的,常规的,习俗的,传统的"
325,convert,1,"n.皈依者;vt.使转变,转换...,使...改变信仰"
326,conviction,3,"n.深信,确信,定罪,宣告有罪"
327,convince,1,"vt.使确信,使信服"
328,cooperative,8,"adj.合作的,协力的"
329,coordinate,1,"n.同等者,同等物,坐标(用复数);adj.同等的,并列的;vt.调整,整理"
330,cop,1,"n.警官,巡警,[纺]管纱;vt.抓住"
331,cord,1,"n.绳索,束缚"
332,core,9,"n.果核,中心,核心"
333,corporate,5,"adj.社团的,法人的,共同的,全体的"
334,corps,1,"n.军团,兵队,团,兵种,技术兵种,特殊兵种,(德国大学的)学生联合会"
335,correspond,1,"vi.符合,协调,通信,相当,相应"
336,corresponding,154,"adj.相应的,通讯的"
337,corridor,2,n.走廊
338,costly,9,"adj.昂贵的,贵重的"
339,council,4,"n.政务会,理事会,委员会,参议会,讨论会议,顾问班子,立法班子"
340,counsel,1,"n.讨论,商议,辩护律师;vt.劝告,忠告"
341,county,2,"n.县,郡"
342,coupon,1,"n.息票,商家的优待券"
343,courtesy,1,"n.谦恭,允许,礼貌"
344,cozy,2,"adj.舒适的,安逸的,惬意的"
345,craft,4,"n.工艺,手艺"
346,crash,9,"n.碰撞,坠落,坠毁,撞击声,爆裂声;v.碰撞,坠落,坠毁,(指商业公司,政府等)破产,垮台"
347,create,28,"vt.创造,创作,引起,造成"
348,creation,6,"n.创造,创作物"
349,credit,33,"n.信任,信用,声望,荣誉,[财务]贷方,银行存款;vt.相信,信任,把...归给"
350,crew,3,"n.全体人员,(工作)队;vbl.crow的过去式"
351,criminal,8,"n.罪犯,犯罪者;adj.犯罪的,犯法的,罪恶的"
352,cripple,1,n.跛子;v.削弱
353,critic,4,"n.批评家,评论家,吹毛求疵者"
354,criticism,21,"n.批评,批判"
355,criticize,2,"v.批评,责备"
356,crowd,1,"n.人群,群众,一堆(东西),一伙;v.群集,拥挤,挤满"
357,crucial,9,adj.至关紧要的
358,crude,4,"adj.天然的,未加工的,粗糙的,拙劣的,粗鲁的;n.天然的物质"
359,cultivate,4,"vt.培养,耕作"
360,cumulative,1,adj.累积的
361,curb,4,n.路边
362,curious,3,"adj.好奇的,求知的,古怪的,爱挑剔的"
363,curl,1,v.(使)卷曲
364,current,41,"adj.当前的,通用的,流通的,现在的,草写的,最近的;n.涌流,趋势,电流,水流,气流"
365,curse,2,"n.诅咒,咒语,祸根,祸因;vt.诅咒,咒骂,降祸,使受罪"
366,curve,2,"n.曲线,弯曲,[棒球]曲线球,[统]曲线图表;vt.弯,使弯曲;vi.成曲形"
367,cushion,1,"n.垫子,软垫,衬垫;v.加衬垫"
368,cycle,2,"n.周期,循环,自行车,一段时间,整套,(电学)周波;vi.循环,轮转,骑自行车;vt.使循环,使轮转"
369,dairy,2,"n.牛奶场,奶品场,售牛奶,奶油,鸡蛋等的商店,奶制品"
370,data,56,"n.datum的复数,[计]资料,数据"
371,database,1,"n.[计]数据库,资料库"
372,deadline,4,n.最终期限
373,deadly,2,"adj.致命的,势不两立的,死一般的,极度的,必定的"
374,dean,6,"n.(大学)院长,主持牧师,(基督教)教长"
375,debt,17,"n.债务,罪过"
376,decade,16,"n.十年,十"
377,decay,2,"vi.&n.腐朽,腐烂,衰减,衰退;v.衰落"
378,decent,8,"adj.正派的,端庄的,有分寸的,(服装)得体的,大方的;adj.<口>相当好的、象样的"
379,decisive,2,adj.决定性的
380,decline,28,"vi.下倾,下降,下垂;v.拒绝,衰落;n.下倾,下降,下垂,斜面,斜坡,衰败,衰落"
381,decrease,8,"n.减少,减少之量;v.减少"
382,deem,1,"v.认为,相信"
383,defeat,1,"n.击败,战胜,失败;vt.击败,战胜,使失败,挫折;v.击败"
384,deficit,1,"n.赤字,不足额"
385,definite,2,"adj.明确的,一定的"
386,definition,17,"n.定义,解说,精确度,(轮廓影像等的)清晰度"
387,delete,2,vt.删除
388,delicate,3,"adj.精巧的,精致的,病弱的,脆弱的,微妙的,棘手的,灵敏的,精密的"
389,delicious,2,adj.美味的
390,demand,22,"n.要求,需求(量),需要;v.要求,需要,要求知道,查询"
391,democracy,1,"n.民主政治,民主主义"
392,demonstrate,1,"vt.示范,证明,论证;vi.示威"
393,density,7,n.密度
394,dentist,2,n.牙科医生
395,depart,1,"vi.离开,起程,不按照,逝世;adj.过去的,逝世的"
396,dependent,11,"adj.依靠的,依赖的,由...决定的,随...而定的"
397,depression,9,"n.沮丧,消沉,低气压,低压"
398,derive,7,vt.得自;vi.起源
399,descend,1,"vi.下来,下降,遗传(指财产,气质,权利),突击,出其不意的拜访;v.下去"
400,descent,2,"n.降下,降落,世系,血统,侵袭"
401,deserve,1,"vt.应受,值得;v.应受"
402,desirable,1,"adj.值得要的,合意的,令人想要的,悦人心意的"
403,despite,16,"prep.不管,尽管,不论"
404,dessert,1,n.餐后甜点
405,destiny,1,"n.命运,定数"
406,destructive,3,adj.破坏(性)的
407,detail,14,"n.细节,详情;vt.详述,细说;"
408,detect,2,"vt.察觉,发觉,侦查,探测;v.发现"
409,detective,2,n.侦探;adj.侦探的
410,deteriorate,1,v.(使)恶化
411,determine,6,"v.决定,确定,测定,使下定决心,[律]使终止"
412,device,6,"n.装置,设计,图案,策略,发明物,设备;[计]安装设备驱动程序"
413,devil,2,"n.魔鬼,恶棍"
414,dictate,1,"v.口述,口授,使听写,指令,指示,命令,规定;n.指示(指理智,变心)"
415,differ,9,"vi.不一致,不同"
416,digest,3,"v.散播,传播,漫射,扩散,(使)慢慢混合;adj.散开的,弥漫的"
417,dignity,3,"n.尊严,高贵"
418,dilemma,1,"n.进退两难的局面,困难的选择"
419,diligent,1,"adj.勤勉的,用功的,细心而继续不断的"
420,dim,2,"adj.暗淡的,模糊的,无光泽的,悲观的,怀疑的;vt.使暗淡,使失去光泽;n.<美俚>笨蛋、傻子"
421,dip,1,"v.浸,蘸,沾"
422,diplomat,2,"n.外交官,有外交手腕的人,有权谋的人"
423,directly,11,"adv.直接地,立即"
424,directory,1,"n.姓名地址录,目录"
425,disappear,2,"vi.消失,不见"
426,disastrous,5,"adj.损失惨重的,悲伤的"
427,discard,2,"vt.丢弃,抛弃;v.放弃"
428,discharge,1,"vt.卸下,放出,清偿(债务),履行(义务),解雇,开(炮),放(枪),射(箭);vi.卸货,流注;n.卸货,流出,放电"
429,disclose,1,"vt.揭露,透露"
430,disease,22,"n.疾病,弊病"
431,disguise,2,"v.假装,伪装,掩饰;n.伪装"
432,disorder,7,"n.杂乱,混乱,无秩序状态;vt.扰乱,使失调,使紊乱"
433,display,13,"vt.陈列,展览,显示;n.陈列,展览,显示,显示器"
434,dispose,1,"v.处理,处置,部署;vt.布置,安排,除去,使愿意"
435,dispute,1,"v.争论,辩论,怀疑,抗拒,阻止,争夺(土地,胜利等);n.争论,辩论,争吵"
436,dissolve,1,"v.溶解,解散"
437,distinct,3,"adj.清楚的,明显的,截然不同的,独特的"
438,distinguish,3,"v.区别,辨别"
439,distract,1,v.转移
440,distribute,2,"vt.分发,分配,散布,分布,分类,分区;v.分发"
441,disturbance,1,"n.骚动,动乱,打扰,干扰,骚乱,搅动"
442,diverse,6,"adj.不同的,变化多的"
443,diversion,1,"n.转移,转换,牵制,解闷,娱乐"
444,divide,12,"v.分,划分,分开,隔开"
445,division,7,"n.分开,分割,区分,除法,公司,(军事)师,分配,分界线"
446,dizzy,1,"adj.(指人)晕眩的,昏乱的,(指地点,情况)使人晕眩的"
447,document,2,"n.公文,文件,文档,档案,文献;v.证明"
448,domestic,12,"adj.家庭的,国内的,与人共处的,驯服的"
449,dominant,4,"adj.有统治权的,占优势的,支配的;adj.[生物]显性的"
450,dominate,3,"v.支配,占优势"
451,donkey,5,"n.驴子,笨蛋,顽固者,(=donkeyengine)轻便发动机,(=donkeypump)辅助泵"
452,doom,3,"n.厄运,毁灭,死亡,世末日;v.注定,判决;著名的3D动作游戏"
453,dorm,1,n.<俗>宿舍(=dormitory)
454,dose,1,"n.剂量,(一)剂,(一)服;v.(给...)服药"
455,doubtful,5,"adj.可疑的,不确的,疑心的"
456,downward,2,adj.向下的
457,drag,2,"v.拖,拖曳,缓慢而费力地行动;n.拖拉"
458,drain,2,"n.排水沟,消耗,排水;vt.排出沟外,喝干,耗尽;vi.排水,流干"
459,drama,3,"n.(在舞台上演的)戏剧,戏剧艺术"
460,drastic,3,"adj.激烈的,(药性等)猛烈的"
461,drought,1,"n.干旱,缺乏"
462,dual,2,"adj.双的,二重的,双重"
463,dull,2,"adj.感觉或理解迟钝的,无趣的,呆滞的,阴暗的;vt.使迟钝,使阴暗,缓和;vi.变迟钝,减少"
464,earthquake,3,"n.地震,[喻]在震荡,在变动"
465,Easter,1,n.[宗](耶稣)复活节
466,echo,1,"n.回声,回音,回波;vi.发回声,随声附和;vt.摹仿,重复,反射;[计]禁止(或允许)在屏上显示批处理命令行"
467,economic,90,"adj.经济(上)的,产供销的,经济学的"
468,economical,1,"adj.节约的,经济的"
469,edition,5,"n.版本,版"
470,educate,3,"vt.教育,训练,培养;v.教育"
471,efficiency,16,"n.效率,功效"
472,efficient,10,"adj.(直接)生效的,有效率的,能干的"
473,ego,2,"n.自我,利已主义,自负"
474,elaborate,7,"adj.精心制作的,详细阐述的,精细;vt.精心制作,详细阐述;v.详细描述"
475,elderly,20,"adj.过了中年的,稍老的"
476,elect,2,"vt.选举,推选;v.选择,作出选择,选举,选举,选举"
477,electric,5,"adj.电的,导电的,电动的,电气"
478,electrical,1,"adj.电的,有关电的"
479,electricity,12,"n.电流,电,电学"
480,electronic,9,adj.电子的
481,elegant,3,"adj.文雅的,端庄的,雅致的,<口>上品的,第一流的"
482,elementary,2,"adj.初步的,基本的,[化]元素的,自然力的"
483,elevate,1,"vt.举起,提拔,振奋,提升...的职位"
484,eliminate,10,"vt.排除,消除;v.除去"
485,elsewhere,15,adv.在别处
486,embark,1,"v.上船,上飞机,着手,从事,装于船上,登上"
487,embassy,1,"n.大使及其随员,大使的派遣,大使馆"
488,embrace,1,"vt.拥抱,互相拥抱,包含,收买,信奉;vi.拥抱;n.拥抱"
489,emerge,1,"vi.显现,浮现,暴露,形成,(由某种状态)脱出,(事实)显现出来"
490,emit,2,"vt.发出,放射,吐露,散发,发表,发行"
491,emotional,14,"adj.情绪的,情感的"
492,emperor,1,"n.皇帝,君主"
493,emphasize,1,"vt.强调,着重;v.强调"
494,employee,5,"n.职工,雇员,店员"
495,employer,2,"n.雇主,老板"
496,enable,5,"vt.使能够,授予权利或方法"
497,encounter,4,"v.遭遇,遇到,相遇;n.遭遇,遭遇战"
498,ending,1,"n.结尾,结局"
499,endurance,3,"n.忍耐(力),持久(力),耐久(性)"
500,energetic,4,"adj.精力充沛的,积极的"
501,engage,10,"vt.使忙碌,雇佣,预定,使从事于,使参加;vi.答应,从事,交战,[机]接合,啮合"
502,engagement,1,"n.约会,婚约,诺言,交战,接站,雇拥,[机]接合"
503,engineering,16,n.工程(学)
504,enhance,12,"vt.提高,增强;v.提高"
505,enlarge,4,"v.扩大,放大"
506,enlighten,1,"vt.启发,启蒙,教导,授予...知识,开导,<古>照耀"
507,enrich,9,"vt.使富足,使肥沃,装饰,加料于,浓缩"
508,enroll,5,"v.[亦作enrol]登记,招收,使入伍(或入会、入学等),参加,成为成员"
509,ensure,22,"vt.保证,担保,使安全,保证得到;v.确保,确保,保证"
510,entertain,5,"vt.娱乐,招待,接受,怀抱;vi.款待"
511,enthusiasm,1,"n.狂热,热心,积极性,激发热情的事物"
512,entire,11,"adj.全部的,完整的,整个"
513,entity,2,n.实体
514,entrepreneur,1,"n.<法>企业家,主办人"
515,environment,51,"n.环境,外界"
516,envy,3,"n.&vt.羡慕,嫉妒"
517,equality,2,"n.等同性,同等,平等,相等,等式"
518,equip,2,"vt.装备,配备,训练,准备行装"
519,era,4,"n.时代,纪元,时期,[地]代"
520,erosion,1,"n.腐蚀,侵蚀"
521,error,4,"n.错误,过失,误差"
522,essay,55,"vt.企图,尝试;n.企图,散文,小品文,随笔,短文,评论"
523,essence,5,"n.基本,[哲]本质,香精"
524,establish,8,"vt.建立,设立,安置,使定居,使人民接受,确定;v.建立"
525,establishment,3,"n.确立,制定,设施,公司,军事组织"
526,estimate,2,"v.&n.估计,估价,评估"
527,ethnic,3,"adj.人种的,种族的,异教徒的"
528,evaluate,1,"vt.评价,估计,求...的值;v.评价"
529,event,5,"n.事件,事变,结果,活动,精力,竞赛"
530,evil,6,"adj.邪恶的,带来麻烦的,不幸的,有害的,诽谤的;n.邪恶,不幸,罪恶"
531,evolution,12,"n.进展,发展,演变,进化"
532,evolve,5,"v.(使)发展,(使)进展,(使)进化"
533,exaggerate,1,"v.夸大,夸张"
534,exception,11,"n.除外,例外,反对,异议"
535,exceptional,5,"adj.例外的,异常的"
536,excessive,19,"adj.过多的,过分的,额外"
537,exchange,6,"vt.交换,调换,兑换,交流,交易;n.交换,调换,兑换,交流,交易"
538,excitement,3,"n.刺激,兴奋,激动,搔动"
539,exclude,2,"vt.拒绝接纳,把...排除在外,排斥"
540,execute,4,"vt.执行,实行,完成,处死,制成,[律]经签名盖章等手续使(证书)生效"
541,execution,1,"n.实行,完成,执行,死刑,制作,(武器等的)破坏效果,杀伤力"
542,exert,2,"vt.尽(力),施加(压力等),努力;v.发挥,竭尽全力,尽"
543,exhibit,1,"vt.展出,陈列;n.展览品,陈列品,展品;v.展示"
544,exile,1,"n.放逐,充军,流放,流犯,被放逐者;vt.放逐,流放,使背井离乡"
545,expand,18,"vt.使膨胀,详述,扩张;vi.张开,发展"
546,expectation,4,"n.期待,预料,指望,展望,[数]期望(值)"
547,expense,4,"n.费用,代价,损失,开支,费钱之物"
548,experimental,3,"adj.实验的,根据实验的"
549,explicit,1,"adj.外在的,清楚的,直率的,(租金等)直接付款的"
550,exploit,5,"vt.开拓,开发,开采,剥削,用以自肥;v.使用"
551,explosion,2,"n.爆发,发出,爆炸,[矿]煤气爆炸"
552,export,2,"vt.输出;n.出口货,输出,出口,出口商品;v.出口"
553,expose,1,"vt.使暴露,受到,使曝光;v.揭露"
554,exposure,5,"n.暴露,揭露,暴光,揭发,揭露,位向,方向,陈列"
555,expression,4,"n.表达,表情,脸色,声调,腔调,榨出,语法,措辞;n.[数]式,表达式,符号"
556,extend,3,"v.扩充,延伸,伸展,扩大[军]使疏开,给予,提供,演化出的全文,<英>[律]对(地产等)估价"
557,extensive,2,"adj.广大的,广阔的,广泛的"
558,extra,19,"adj.额外的,不包括在价目内的,特大的,特佳的;adv.特别地,非常,另外;n.额外人(或物),(报纸)号外,上等品,(电影)临时演员"
559,extract,1,"n.精,汁,榨出物,摘录,选粹;vt.拔出,榨取,开方,求根,摘录,析取,吸取"
560,extravagant,1,"adj.奢侈的,浪费的,过分的,放纵的"
561,eyesight,9,"n.视力,目力"
562,facilitate,1,"vt.（不以人作主语的）使容易,使便利,推动,帮助,使容易,促进"
563,factor,11,"n.因素,要素,因数,代理人"
564,failure,11,"n.失败,失败者,缺乏,失灵,故障,破产,疏忽,<美>不及格"
565,fairly,5,"adv.公正地,正当的,公平对待某人,公平地,相当地,还算,清楚地"
566,fairy,1,"n.仙女,精灵,<美俚>漂亮姑娘;adj.仙女的"
567,faithful,1,"adj.守信的,忠实的,详确的,可靠的;n.信徒"
568,fake,1,"n.假货,欺骗;adj.假的;vt.伪造,赝造,捏造,假造,仿造;vi.伪装"
569,fancy,4,"adj.奇特的,异样的;vt.想象,设想,认为,爱好,自负;n.爱好,迷恋,想象力"
570,fantastic,2,"adj.幻想的,奇异的,稀奇古怪的,荒谬的,空想的"
571,fare,2,"n.费用,旅客,食物;vi.遭遇,进展,进步,经营,过活"
572,fascinate,2,"vt.使着迷,使神魂颠倒;vi.入迷,极度迷人的"
573,fashion,9,"n.样子,方式,流行,风尚,时样;vt.形成,造,作,把...塑造成,使适应,使适合,改革,改变"
574,fashionable,2,"adj.流行的,时髦的"
575,fatal,4,"adj.致命的,重大的,命运注定的,不幸的,致命的,毁灭性的"
576,fate,1,"n.天数,命运,运气;vt.注定,送命"
577,faulty,2,"adj.有过失的,有缺点的,不完美的,不完善的"
578,fearful,3,"adj.可怕的,吓人的,恐怕的,严重的"
579,feast,1,"n.节日,盛宴,筵席,宴会,酒席;vt.盛宴,款待,享乐,请客;vi.参加宴会,享受"
580,feature,9,"n.面貌的一部分(眼,口,鼻等)特征,容貌,特色,特写;vt.是...的特色,特写,放映;vi.起重要作用"
581,federal,8,"adj.联邦的,联合的,联邦制的,同盟的;n.(南北战争)北部联邦同盟盟员;连邦软件公司,国内正版经销商"
582,fee,4,"n.费(会费、学费等),酬金"
583,feedback,8,"n.[无]回授,反馈,反应"
584,female,17,"n.女性,女人,雌兽;adj.女性的,女子的,妇女的,雌的,柔弱的,(声,色)柔和的"
585,feminine,1,"adj.妇女(似)的,娇柔的,阴性的,女性的"
586,fertile,2,"adj.肥沃的,富饶的,能繁殖的"
587,fiction,6,"n.虚构,编造,小说"
588,fierce,3,"adj.凶猛的,猛烈的,热烈的,暴躁的<美>极讨厌的,难受的,<英方>精力旺盛的"
589,filter,1,"n.滤波器,过滤器,滤光器,筛选;vt.过滤,渗透,用过滤法除去;vi.滤过,渗入,(消息等)走漏,慢慢传开"
590,finance,10,"n.财政,金融,财政学;vt.供给...经费,负担经费;vi.筹措资金"
591,finding,28,"n.发现,发现物,决定,[律]裁决"
592,flash,1,"[计]动画编辑工具;n.闪光,闪现,一瞬间;vi.闪光,闪现,反射,使迅速传便;vt.使闪光,反射;adj.闪光的,火速的"
593,flat,5,"adj.平坦的,扁平的,单调的,干脆的,无聊的;adv.平直地,正好,断然地;n.平面,一层,公寓;v.(使)变平,(使)降半音"
594,flexible,10,"adj.柔韧性,易曲的,灵活的,柔软的,能变形的,可通融的"
595,flip,2,"vt.掷,弹,轻击,鞭等抽打,空翻;vi.用指轻弹,抽打,翻书页(或纸张),蹦跳;n.抛,弹,筋斗;adj.无礼的,冒失的,轻率的"
596,flood,1,"n.洪水,水灾,(因雨)涨潮,[诗]水;vt.淹没,使泛滥,注满,充满;vi.被水淹,溢出,涌进,喷出,涌出"
597,flour,1,n.面粉
598,focus,48,"n.(兴趣活动)中心,焦点,焦距,[医]病灶,地],震源;vi.聚焦,注视;vt.使集中,在焦点上,定焦点,调焦,集中"
599,fog,1,"n.雾,烟雾,尘雾,迷惑,苔藓;vi.被雾笼罩,变模糊;vt.使困惑,以雾笼罩"
600,folk,5,"n.人们,亲属(复数),民族;adj.民间的"
601,forbid,2,"vt.禁止,不许;v.禁止"
602,forecast,1,"n.先见,预见,预测,预报;vt.预想,预测,预报,预兆"
603,foremost,2,"adj.(位置或时间)最先的,最初的,最重要的;adv.首要地,首先"
604,formal,10,"adj.外形的,正式的,合礼仪的,形式的,整齐匀称的;n.正式的社交活动"
605,format,4,"n.开本,版式,形式,格式;vt.安排...的格局(或规格),[计]格式化(磁盘)"
606,formation,1,"n.形成,构成,编队"
607,formulate,1,"vt.用公式表示,明确地表达,作简洁陈述;v.阐明"
608,forth,2,"adv.往前,向外"
609,forum,5,"n.古罗马城镇的广场(或市场),论坛,法庭,讨论会"
610,fossil,1,"n.化石,僵化的事物;adj.化石的,陈腐的,守旧的"
611,foster,1,"vt.养育,抚育,培养,鼓励,抱(希望);n.养育者,鼓励者"
612,foundation,11,"n.基础,根本,建立,创立,地基,基金,基金会"
613,fraction,2,"n.小部分,片断,分数"
614,frame,3,"n.结构,体格;vt.构成,设计,制定,使适合,陷害;vi.<英方>有成功希望;n.帧,画面,框架"
615,frank,4,"adj.坦白的,率直的,老实的;vt.免费邮寄;n.免费邮寄特权"
616,fraud,1,"n.欺骗,欺诈行为,诡计,骗子,假货"
617,frequency,1,"n.频率,周率,发生次数"
618,frog,1,n.青蛙;vi.捕蛙
619,frown,1,"vi.皱眉,蹙额,不赞成,反对;v.皱眉"
620,fuel,16,"n.燃料;vt.加燃料,供以燃料;vi.得到燃料"
621,fulfill,4,"vt.履行,实现,完成(计划等)"
622,fund,6,"n.资金,基金;v.支助,投资"
623,fundamental,2,"adj.基础的,基本的;n.基本原则,基本原理"
624,funeral,1,"n.葬礼,出殡"
625,furniture,22,"n.家具,设备,储藏物"
626,fuss,4,"n.忙乱,大惊小怪,大惊小怪的人;v.忙乱,大惊小怪"
627,gallery,8,"n.走廊、戏院、教堂等中最高的楼座,美术陈列室,画廊,图库"
628,gap,12,"n.缺口,裂口,间隙,缝隙,差距,隔阂"
629,gardener,2,n.园丁
630,gasoline,8,n.汽油
631,gaze,1,"v.盯,凝视;n.凝视"
632,gear,1,"n.齿轮,传动装置;v.调整,(使)适合,换档"
633,generally,28,"adv.一般,通常,一般地"
634,generate,8,"vt.产生,发生"
635,generous,6,"adj.慷慨的,大方的,有雅量的"
636,genetic,6,"adj.遗传的,起源的"
637,genius,1,"n.天才,天赋,天才人物"
638,gesture,14,"n.姿态,手势,表示;v.作手势,以手势表示"
639,giant,6,"n.巨人,大力士,巨大的动物或植物,伟人,天才;adj.庞大的,巨大的"
640,given,125,"adj.赠予的,沉溺的,特定的,假设的;vbl.give的过去分词"
641,glance,4,"vi.扫视,匆匆一看;n.一瞥,眼光,匆匆一看"
642,global,46,"adj.球形的,全球的,全世界的"
643,globe,2,"n.球体,地球仪,地球,世界"
644,gloomy,6,"adj.黑暗的,阴沉的,令人沮丧的,阴郁的"
645,glorious,2,"adj.光荣的,显赫的"
646,glory,1,"n.荣誉,光荣"
647,golf,4,n.高尔夫球;vi.打高尔夫球
648,govern,1,"v.统治,支配,管理"
649,grab,1,"v.抢夺,攫取,夺取"
650,gradual,2,"adj.逐渐的,逐步的,渐进的"
651,grain,20,"n.谷物,谷类,谷粒,细粒,颗粒,粮食"
652,grammar,5,"n.文法,有关原理的书,入门的书"
653,grand,2,"adj.盛大的,豪华的,重大的,主要的,极重要的"
654,grape,1,"n.葡萄,葡萄树"
655,grasp,3,"vt.抓住,抓紧,掌握,领会;n.抓住,抓紧,掌握,领会"
656,gratitude,2,n.感谢的心情
657,greenhouse,6,"n.温室,花房"
658,grief,6,"n.悲痛,伤心事,不幸,忧伤"
659,gross,2,"adj.总的,毛重的;n.总额"
660,guarantee,7,"n.保证,保证书,担保,抵押品;vt.保证,担保"
661,guardian,1,"n.护卫者,保护人,监护人;adj.守护的"
662,guideline,3,n.方针
663,gum,2,"n.齿龈,树脂,橡胶,橡胶树,口香糖,香口胶,泡泡糖"
664,gym,9,"gymnasium体育;n.体育馆,体操"
665,handful,5,"n.一把,少数"
666,handle,13,"n.柄,把手,把柄,口实,手感;vt.触摸,运用,买卖,处理,操作;vi.搬运,易于操纵;n.[计]句柄"
667,handwriting,4,"n.笔迹,书写体,书法,笔势"
668,handy,3,"adj.手边的,就近的,唾手可得的,便利的,敏捷的,容易取得的"
669,hardship,4,"n.困苦,艰难,辛苦"
670,hardware,3,"n.五金器具,(电脑的)硬件,(电子仪器的)部件"
671,harm,23,"vt.伤害,损害;n.伤害,损害"
672,harmony,4,"n.协调,融洽"
673,harsh,2,"adj.粗糙的,荒芜的,苛刻的,刺耳的,刺目的"
674,haste,1,"n.匆忙,急忙"
675,hay,1,n.干草
676,heading,2,n.标题
677,headquarters,1,"n.司令部,指挥部,总部"
678,hearing,2,"n.听力,听觉,听取意见,听讼;v.倾听"
679,helpful,6,"adj.有帮助的,有用的,有益的"
680,helpless,1,"adj.无助的,无能的,没用的"
681,heritage,2,"n.遗产,继承权,传统"
682,hesitate,2,"v.犹豫,踌躇,不愿"
683,highlight,3,"n.加亮区,精彩场面,最显著(重要)部分;vt.加亮,使显著,以强光照射,突出"
684,hinder,5,"adj.后面的;v.阻碍,打扰"
685,hint,1,"n.暗示,提示,线索"
686,hire,16,"n.租金,工钱,租用,雇用;vt.雇请,出租;vi.受雇"
687,historic,3,"adj.历史上著名的,有历史性的"
688,hobby,3,n.业余爱好
689,homogeneous,5,"adj.同类的,相似的,均一的,均匀的"
690,hopeful,3,"adj.怀有希望的,有希望的"
691,hopeless,1,"adj.没有希望的,绝望的,不可救药"
692,horn,1,"n.(牛、羊等的)角,喇叭,触角;v.装角"
693,horror,5,"n.惊骇,恐怖,惨事,极端厌恶"
694,household,5,"n.一家人,家庭,家族,王室;adj.家庭的,家族的,家属的,普通的,平常的"
695,hum,1,"v.嗡嗡叫,哼;n.嗡嗡声,吵杂声"
696,humorous,3,"adj.富幽默感的,滑稽的,诙谐的,想入非非的,异想天开的"
697,humour,1,"n.幽默,诙谐"
698,hydrogen,2,n.氢
699,hypothesis,1,n.假设
700,ideal,10,"n.理想;adj.理想的,完美的,想象的,观念的,唯心论的"
701,identical,8,"adj.同一的,同样的"
702,identification,2,"n.辨认,鉴定,证明,视为同一"
703,identity,9,"n.同一性,身份,一致,特性,恒等式"
704,idle,2,"adj.空闲的,懒惰的,停顿的,无用的;vi.不做事,游手好闲,(机器)空转,虚度,不作事,游手好闲,浪费;vt.虚度,使空闲,使空转"
705,ignorance,2,"n.无知,不知"
706,ignorant,1,adj.无知的
707,illegal,2,"adj.违法的,不合规定的"
708,illusion,1,n.幻想
709,image,13,"n.图象,肖像,偶像,形象化的比喻,极为相象,映像,典型;vt.想象,作...的像,反映,象征"
710,imaginary,2,"adj.假想的,想象的,虚构的"
711,imitate,3,"vt.模仿,仿效,仿制,仿造;v.模仿"
712,immediately,10,"adv.立即,马上,直接地"
713,immense,2,"adj.极广大的,无边的,<口>非常好的"
714,immerse,1,"vt.沉浸,使陷入"
715,immune,1,adj.免疫的
716,impatient,3,"adj.不耐烦的,急躁的,不耐心的"
717,implement,3,"n.工具,器具;vt.贯彻,实现;v.执行"
718,implication,1,"n.牵连,含意,暗示"
719,imply,15,"vt.暗示,意味"
720,import,5,"n.进口货(常用复数),进口,输入,意思,重要性;vt.输入,进口,含...的意思,重要,引入;vi.有关系,有重要性"
721,impose,2,"vt.征税,强加,以...欺骗;vi.利用,欺骗,施影响"
722,impress,1,"vt.印,盖印,留下印象"
723,impressive,1,"adj.给人深刻印象的,感人的"
724,improvement,17,"n.改进,进步"
725,impulse,3,"n.推动,刺激,冲动,推动力;vt.推动"
726,incentive,1,n.动机;adj.激励的
727,incidence,1,"n.落下的方式,影响范围,[物理]入射"
728,include,26,"vt.包括,包含"
729,inclusive,3,"adj.包含的,包括的"
730,incorporate,1,"adj.合并的,结社的,一体化的;vt.合并,使组成公司,具体表现;vi.合并,混合,组成公司;vt.[律]结社,成为法人组织"
731,incredible,2,adj.<口>难以置信的
732,independence,21,"n.独立,自主"
733,independent,12,"n.中立派,无党派者;adj.独立自主的,不受约束的"
734,indicate,8,"vt.指出,显示,象征,预示,需要,简要地说明"
735,indication,1,"n.指出,指示,迹象,暗示"
736,indifferent,2,adj.无关紧要的
737,indirect,1,"adj.间接的,迂回的"
738,individual,18,"n.个人,个体;adj.个别的,单独的,个人的"
739,indoor,1,"adj.户内的,室内的"
740,indulge,1,v.纵容
741,inevitable,9,"adj.不可避免的,必然的"
742,infant,8,"n.婴儿,幼儿;adj.婴儿的,幼稚的"
743,infer,3,v.推断
744,inferior,2,"adj.下等的,下级的,差的,次的,自卑的,劣等的"
745,infinite,1,"n.无限的东西(如空间、时间),[数]无穷大;adj.无穷的,无限的,无数的,极大的"
746,influence,29,"n.影响,感化,势力,有影响的人(或事),(电磁)感应;vt.影响,改变"
747,influential,1,"adj.有影响的,有势力的"
748,ingredient,4,"n.成分,因素"
749,inherent,1,"adj.固有的,内在的,与生俱来的"
750,inherit,1,"vt.继承,遗传而得"
751,initial,7,"adj.最初的,词首的,初始的;n.词首大写字母"
752,initiative,3,n.主动
753,injury,8,"n.伤害,侮辱"
754,inland,2,"adj.内陆的,国内的;adv.在内地,向内地;n.内地"
755,inner,5,"adj.内部的,里面的,内心的;n.内部"
756,innocent,1,"adj.(～of)清白的,无罪的,天真的,无知的"
757,input,4,n.输入;v.输入
758,inquire,3,"v.询问,问明,查究"
759,inquiry,1,"n.质询,调查"
760,insight,7,"n.洞察力,见识"
761,insist,3,"v.坚持,强调"
762,inspect,1,"vt.检查,视察;"
763,installation,1,"n.[计]安装,装置,就职"
764,instance,22,"n.实例,建议,要求,情况,场合;vt.举...为例,获得例证"
765,instant,7,"adj.立即的,直接的,紧迫的,刻不容缓的,(食品)速溶的,方便的,即时的"
766,instead,36,"adv.代替,改为,抵作,更换"
767,institute,1,"n.学会,学院,协会;vt.创立,开始,制定,开始(调查),提起(诉讼)"
768,instruct,2,"vt.教,教导,命令,指示,通知"
769,instrument,2,"n.工具,手段,器械,器具,手段"
770,insult,1,"n.侮辱,凌辱;vt.侮辱,凌辱"
771,insure,1,vt.给...保险;v.确保
772,integrate,1,"vt.使成整体,使一体化,求...的积分;v.结合"
773,intellectual,5,"adj.智力的,有智力的,显示智力的;n.知识分子"
774,intelligent,3,"adj.聪明的,伶俐的,有才智的,[计]智能的"
775,intend,2,"vt.想要,打算,意指,意谓"
776,intensify,4,vt.加强;vi.强化
777,intensive,1,"adj.强烈的,精深的,透彻的,[语法]加强语气的;n.加强器"
778,intention,4,"n.意图,目的"
779,interaction,9,"n.交互作用,交感"
780,interest,48,"n.兴趣,关心,重要性,影响,利息,利益,利害;vt.使发生兴趣,引起...的注意"
781,interfere,4,"vi.干涉,干预,妨碍,打扰"
782,interference,3,"n.冲突,干涉"
783,interior,1,"adj.内部的,内的;n.内部"
784,internal,2,"adj.内在的,国内的"
785,interpretation,4,"n.解释,阐明,口译,通译"
786,intervene,2,"vi.干涉,干预,插入,介入,(指时间)介于其间;v.干涉"
787,intimate,1,"adj.亲密的,隐私的;vt.宣布,明白表示;n.熟友"
788,introduction,2,"n.介绍,传入,初步,导言,绪论,入门"
789,invade,2,"vt.侵略,侵袭,拥挤"
790,invaluable,1,"adj.无价的,价值无法衡量的"
791,invasion,1,n.入侵
792,invention,2,"n.发明,创造"
793,invest,14,"v.投(资),购买(有用之物)～,授予,投资"
794,investigate,2,"v.调查,研究"
795,invisible,1,"adj.看不见的,无形的"
796,involve,9,"vt.包括,笼罩,潜心于,使陷于"
797,irrigation,4,"n.灌溉,冲洗"
798,issue,14,"n.出版,发行,论点,问题,结果,(水血)流出;vi.发行,流出,造成...结果,辩护,传下;vt.使流出,放出,发钞,发令,出书;[律]子女,后嗣"
799,jail,1,n.监狱;vt.监禁
800,jeans,4,"n.斜纹布裤,牛仔裤"
801,jewel,2,n.宝石
802,jog,1,"n.轻推,轻撞,漫步;v.轻推,(使)蹒跚行进,(使)慢跑"
803,journal,2,"n.定期刊物,杂志,航海日记,分类账"
804,journalist,1,"n.新闻记者,从事新闻杂志业的人"
805,judgement,1,"n.审判,判决,判断力,意见,看法,评价"
806,junior,1,"n.年少者,晚辈,下级,(年龄、职位等)较低者,大学三年级学生;adj.年少的,下级的,后进的"
807,justice,4,"n.正义,正当,公平,正确,司法,审判,欣赏"
808,justify,5,v.证明...是正当的
809,keen,2,"adj.锋利的,敏锐的,敏捷的,热心的,渴望的"
810,kid,7,"n.哄骗,取笑,开玩笑,小孩,小山羊;v.哄骗,取笑,开玩笑,欺骗"
811,kidney,1,"n.肾,(动物可食用的)腰子,个性,性格"
812,kindness,2,"n.仁慈,亲切,好意,善意"
813,knot,3,"n.(绳等的)结,(树的)节,节(船速,＝哩／小时);v.打结"
814,label,1,"n.标签,签条,商标,标志;vt.贴标签于,指...为,分类,标注;[计]加上或修改磁盘的标签"
815,lace,1,"n.饰带,花边,缎带,鞋带;vt.扎带子,扎,饰以花边;vi.缚带子"
816,lamb,2,"n.小羊,羔羊;v.生小羊"
817,landscape,1,"n.风景,山水画,地形,前景;v.美化"
818,lap,1,"n.(坐时的)大腿前部,膝盖,舔声,(水)溅泼声,重叠的部分,(跑道的)一圈,衣兜,下摆;vi.重叠,围住,轻拍,舔;vt.包围,抱...在膝上,使重叠,舔食,泼溅,拍打"
819,latter,3,"adj.后面的,(两者中)后者的,较后的,近来的"
820,laughter,3,"n.笑,笑声"
821,laundry,6,"n.洗衣店,要洗的衣服,洗熨"
822,layer,2,"n.层,阶层"
823,layout,1,"n.规划,设计,(书刊等)编排,版面,配线,企划,设计图案,(工厂等的)布局图,版面设计"
824,leadership,1,"n.领导能力,领导阶层"
825,lean,3,"n.倾斜,倾斜度,倚靠,倾向;adj.瘦的,贫乏的,歉收的;vi.倚靠,倾斜,依赖,倾向,偏向;vt.使倾斜"
826,learned,27,"adj.有学问的,学术上的"
827,lease,2,"n.租借,租约,租赁物,租期,延续的一段时间;vt.出租,租出,租得"
828,legal,4,"adj.法律的,法定的,合法"
829,legend,1,"n.传说,伟人传,图例;联想集团，中国最大的国有品牌微机制造商之一"
830,leisure,5,"n.空闲,闲暇,悠闲,安逸"
831,lever,1,"n.杆,杠杆,控制杆;v.抬起"
832,liability,2,"n.责任,义务,倾向,债务,负债,与assets相对"
833,liberal,11,"n.自由主义者,(尤指英国、加拿大等国的);adj.慷慨的,不拘泥的,宽大的,自由主义的"
834,lightning,6,n.闪电;(“闪电”)英国第一种超音速喷气式战斗机，英60年代的主力机种。
835,likelihood,2,"n.可能,可能性"
836,limitation,2,"n.限制,局限性"
837,link,3,"n.链环,连结物,火把,链接;vt.连结,联合,挽;vi.连接起来"
838,literacy,3,n.有文化，有教养，有读写能力
839,literary,2,"adj.文学(上)的,从事写作的,文艺的,精通文学的,书本的"
840,loan,13,"n.（借出的）贷款,借出;v.借,借给"
841,lobby,2,"n.大厅,休息室,<美>游说议员者;vi.游说议员,经常出入休息室;vt.对(议员)进行疏通"
842,locate,2,"vt.查找...的地点,使...坐落于,位于;v.定位,位于"
843,lodge,2,"n.门房,(猎人住)山林小屋,(游览区)旅馆,(地方社团)集会处;vi.临时住宿,寄宿(某人家);vt.容纳,寄存,把...射入,存放,(向有关当局)提出(声明)"
844,logic,3,"n.逻辑,逻辑学,逻辑性"
845,logical,3,"adj.合乎逻辑的,合理的"
846,loosen,1,"v.解开,放松,松开"
847,lower,29,"adj.较低的,下级的,下等的,下游的;vi.降低,跌落,减弱;vt.放下,降下,减弱,贬低"
848,loyal,1,"adj.忠诚的,忠心的"
849,lubricate,1,vt.润滑;v.加润滑油
850,luggage,5,"n.行李,皮箱"
851,lung,1,"n.肺,呼吸器,肺脏"
852,luxury,6,"n.奢侈,华贵"
853,machinery,1,"n.[总称]机器,机械"
854,magnet,2,"n.磁体,磁铁"
855,magnificent,1,"adj.华丽的,高尚的,宏伟的"
856,maintain,33,"vt.维持,维修,继续,供养,主张"
857,maintenance,6,"n.维护,保持,生活费用,扶养"
858,major,52,"n.<美>[教]主修课,[律]成年人,[乐]大调;vi.主修"
859,majority,13,"n.多数,大半;n.[律]成年"
860,male,12,"adj.男的,雄的,男性"
861,management,28,"n.经营,管理,处理,操纵,驾驶,手段"
862,mankind,3,"n.人类,男性,男子"
863,mansion,1,"n.大厦,官邸,公寓(用复数,用于专有名词中)"
864,manufacture,3,"vt.制造,加工;n.制造,制造业,产品"
865,margin,4,"n.页边的空白,(湖、池等的)边缘,极限,利润,差数,(时间、金额等的)富余;vt.加边于,加旁注于"
866,marine,2,"n.舰队,水兵,海运业;adj.海的,海产的,航海的,船舶的,海运的"
867,marriage,20,"n.结婚,婚姻,婚姻生活,密切结合,合并"
868,marry,1,"vt.娶,嫁,和...结婚"
869,marvelous,3,"adj.引起惊异的,不可思议的,非凡的"
870,masculine,1,"adj.男性的,男子气概的,[语法]阳性的;n.男子,男孩"
871,mass,6,"n.块,大多数,质量,群众,大量;adj.群众的,大规模的,集中的;vt.使集合;vi.聚集"
872,massive,11,"adj.厚重的,大块的,魁伟的,结实的"
873,material,7,"n.材料,原料,物资,素材,布料;adj.物质的,肉体的,具体的,重要的,实质性的"
874,mathematics,5,n.数学;
875,mature,2,"adj.成熟的,到期的,充分考虑的,(票据等)到期的;vt.使成熟;vi.成熟,到期"
876,mayor,1,n.市长
877,meaning,13,"n.意义,含意,意图,[逻]内涵;adj.意味深长的"
878,meantime,1,"n.其间,其时;adv.其间"
879,measure,9,"n.尺寸,量度器,量度标准,方法,测量,措施;vt.测量,测度,估量,分派,权衡,调节;vi.量"
880,mechanic,8,"n.技工,机修工,机械士"
881,mechanical,5,"adj.机械的,机械制的,机械似的,呆板的"
882,mechanism,5,"n.机械装置,机构,机制"
883,medal,1,"n.奖章,勋章,纪念章;v.授予...奖章"
884,medium,15,"n.媒体,方法,媒介;adj.中间的,中等的,半生熟的"
885,melody,1,n.悦耳的音调
886,membership,4,"n.成员资格,成员人数"
887,memorize,1,"v.[亦作memorise]记住,记忆"
888,mental,29,"adj.精神的,智力的"
889,mention,7,"vt.提及,说起;n.提及,说起;v.论及,提及"
890,mere,6,"adj.仅仅的,起码的,纯粹的"
891,merely,5,"adv.仅仅,只,不过"
892,merge,2,"v.合并,并入,结合,吞没,融合"
893,merry,1,"adj.欢乐的,愉快的"
894,metallic,2,adj.金属(性)的
895,metric,1,"adj.米制的,公制的"
896,migrate,3,"vi.移动,移往,移植,随季节而移居,(鸟类的)迁徙;vt.使移居,使移植"
897,military,8,"adj.军事的,军用的"
898,millionaire,1,"n.百万富翁,大富豪"
899,miniature,1,"n.缩小的模型,缩图,缩影;adj.微型的,缩小的"
900,minimize,1,vt.将...减到最少;v.最小化
901,minister,1,"n.部长,大臣"
902,minor,9,"n.未成年人,副修科目;adj.较小的,次要的,二流的,未成年的;vi.辅修;n.[乐]小调,小音阶"
903,minority,3,"n.少数,少数民族"
904,miserable,1,"adj.痛苦的,悲惨的,可怜"
905,misfortune,1,"n.不幸,灾祸"
906,mislead,1,vt.误导
907,missing,21,"adj.不见的,缺少的"
908,mission,5,"n.使命,任务,使团,代表团"
909,misunderstand,1,"vt.误解,误会"
910,mobile,18,"adj.可移动的,易变的,机动的;n.运动物体"
911,moderate,2,"adj.中等的,适度的,适中的;v.缓和"
912,moist,1,adj.潮湿的;n.潮湿
913,molecule,1,"n.[化]分子,些微"
914,monitor,2,"n.班长,监听器,监视器,监控器;vt.监控;v.监控"
915,mood,13,"n.心情,情绪,语气,状态"
916,moral,9,"n.怪物,妖怪"
917,mortgage,1,n.抵押;v.抵押
918,motion,4,"n.运动,动作;v.运动"
919,motive,1,"n.动机,目的;adj.发动的,运动的"
920,mount,2,"n.乘用马,衬纸,山,装配;vi.乘马,爬上,增长;vt.爬上,使上马,装上,设置,安放,制作...的标本,上演"
921,muddy,1,"adj.多泥的,泥泞的"
922,multiple,10,"adj.多样的,多重的;n.倍数,若干;v.成倍增加"
923,multiply,2,"v.繁殖,乘,增加"
924,murder,2,"n.谋杀,凶杀;vt.谋杀,凶杀;v.谋杀"
925,muscle,3,"n.肌肉,臂力,(可供食用的)瘦肉,[解]肌"
926,museum,2,n.博物馆
927,musician,1,n.音乐家
928,mutual,7,"adj.相互的,共有的"
929,mysterious,5,adj.神秘的
930,myth,5,"n.神话,神话式的人物(或事物),虚构的故事,荒诞的说法"
931,naked,2,"adj.裸体的,无遮盖的,无装饰的,无保护的,[律]无证据的,未证实的"
932,namely,2,"adv.即,也就是"
933,narrative,6,adj.叙述性的;n.叙述
934,nasty,3,"adj.污秽的,肮脏的,令人厌恶的,淫秽的,下流的,凶相的,威胁的"
935,naturally,8,adv.自然地
936,naval,2,adj.海军的
937,navy,1,n.海军
938,necessarily,14,adv.必要地
939,necessity,2,"n.必要性,需要,必需品"
940,negotiate,3,"v.(与某人)商议,谈判,磋商,,买卖,让渡(支票、债券等),通过,越过"
941,nerve,2,"n.神经,胆量,勇气,叶脉;vt.鼓起勇气"
942,network,16,"n.网络,网状物,广播网"
943,neutral,2,"n.中立者,中立国,非彩色,齿轮的空档;adj.中立的,中立国的,中性的,无确定性质的,(颜色等)不确定的"
944,nickname,1,"n.诨号,绰号,昵称;vt.给...取绰号,给...起浑名"
945,nitrogen,2,n.[化]氮
946,nonetheless,2,"adv.虽然如此,但是"
947,nonsense,2,"n.胡说,废话"
948,norm,1,"n.标准,规范"
949,normally,5,"adv.正常地,通常地"
950,notation,3,n.符号
951,noticeable,4,"adj.显而易见的,值得注意的"
952,notify,1,v.通报
953,novelty,1,"n.新颖,新奇,新鲜,新奇的事物"
954,nuclear,11,"adj.[核]核子的,原子能的,核的,中心的"
955,numerical,1,"adj.数字的,用数表示的;adj.数字的,用数字表示的"
956,nursery,1,n.托儿所
957,nutrition,7,"n.营养,营养学"
958,nylon,2,n.尼龙
959,object,2,"n.物体,目标,宾语,对象;vi.反对,拒绝,抗议;vt.提出...来反对"
960,objective,3,"n.目标,目的,(显微镜的)(接)物镜,[语法]宾格;adj.客观的,[语法]宾格的"
961,obligation,3,"n.义务,职责,债务"
962,observation,3,"n.观察,观测,观察资料(或报告)"
963,obstacle,4,"n.障碍,妨害物"
964,obvious,8,"adj.明显的,显而易见的"
965,occasion,5,"n.场合,时机,机会"
966,occasional,1,"adj.偶然的,非经常的,特殊场合的,临时的"
967,occupy,1,"vt.占,占用,占领,占据"
968,occurrence,2,"n.发生,出现,事件,发生的事情"
969,offend,1,"v.犯罪,冒犯,违反,得罪,使...不愉快"
970,official,4,"n.官员,公务员;adj.职务上的,公务的,官方的,正式的"
971,offset,1,"n.偏移量,抵销,弥补,分支,平版印刷,胶印;vt.弥补,抵销,用平版印刷;vi.偏移,形成分支"
972,opening,6,"n.开,开放,开始,口子,穴,通路,空缺,机会;adj.开始的,开幕的"
973,opera,1,n.歌剧
974,operational,1,"adj.操作的,运作的"
975,opportunity,14,"n.机会,时机"
976,oppose,1,"vt.反对,使对立,使对抗,抗争;vi.反对"
977,optimism,6,"n.乐观,乐观主义"
978,option,6,"n.选项,选择权,[经]买卖的特权"
979,optional,2,"adj.可选择的,随意的"
980,orbit,4,"n.轨道,势力范围,生活常规,眼眶;vt.绕...轨道而行;vi.进入轨道,沿轨道飞行,盘旋"
981,organic,7,"adj.器官的,有机的,组织的,建制的"
982,organization,6,"n.组织,机构,团体"
983,organize,6,"n.生物体,有机体"
984,origin,4,"n.起源,由来,起因,出身,血统,[数]原点"
985,original,3,"adj.最初的,原始的,独创的,新颖的;n.原物,原作"
986,originate,2,"vt.引起,发明,发起,创办;vi.起源,发生"
987,outbreak,1,"n.(战争的)爆发,(疾病的)发作"
988,outer,9,"adj.外部的,外面的,远离中心的;n.(射击)环外命中"
989,outlet,1,"n.出口,出路"
990,outlook,1,"n.景色,风光,观点,见解,展望,前景"
991,outset,1,"n.开端,开始"
992,outstanding,1,"adj.突出的,显著的"
993,oval,1,"adj.卵形的,椭圆的;n.卵形,椭圆形"
994,overall,20,"adj.全部的,全面的"
995,overcome,5,"vt.战胜,克服,胜过,征服;vi.得胜"
996,overnight,3,"n.头天晚上;adj.通宵的,晚上的,前夜的;adv.在前一夜,整夜,昨晚一晚上"
997,overseas,23,"adv.海外;adj.外国的,海外的"
998,overtake,5,"vt.赶上,追上,(暴风雨、麻烦等)突然来袭,压倒"
999,overwhelming,3,"adj.压倒性的,无法抵抗的"
1000,owe,1,"vt.欠(债等),受到...的思想,感激,把...归功于;v.欠,应感激,应该把…归功于(to);vi.欠钱"
1001,owner,15,"n.所有者,业主"
1002,ownership,4,"n.所有权,物主身份"
1003,oxygen,5,n.[化]氧
1004,pace,11,"n.(一)步,速度,步调,步法,步态;vi.踱步,缓慢的走;vt.用步测,踱步于,(马)溜花蹄"
1005,pack,7,"n.包裹,<贬>一群,一副,背包,包装;vt.包装,捆扎,塞满,压紧,挑选;vi.包装货物,挤,群集,被包装;背包"
1006,painful,9,"adj.疼痛的,使痛苦的"
1007,painter,6,"n.画家,油漆匠"
1008,panel,1,"n.面板,嵌板,仪表板,座谈小组,全体陪审员;vt.嵌镶板"
1009,pants,7,"n.裤子,短裤"
1010,parade,1,"n.游行,炫耀,阅兵,检阅,阅兵场;v.游行,炫耀,夸耀,(使)列队行进"
1011,paradox,2,"n.似非而是的论点,自相矛盾的话"
1012,parallel,1,"adj.平行的,相同的,类似的,并联的;n.平行线,平行面,类似,相似物;v.相应,平行"
1013,parcel,1,"n.小包,包裹;vt.打包,捆扎"
1014,participant,1,"n.参与者,共享者;adj.参与的"
1015,particularly,27,"adv.独特地,显著地"
1016,partner,11,"n.合伙人,股东,舞伴,伴侣;vt.与...合伙,组成一对;vi.做伙伴,当助手"
1017,passion,1,"n.激情,热情"
1018,passive,1,adj.被动的
1019,pat,2,"n.轻拍,(黄油)小块;v.轻拍;adv.适时,正好,恰好;adj.恰好的,合适的,人为的"
1020,patch,1,"n.片,补缀,碎片,斑纹,斑点,小块地,眼罩,傻瓜;vt.修补,补缀,掩饰,平息"
1021,patience,10,"n.耐性,忍耐"
1022,patient,10,"n.病人,患者;adj.忍耐的,耐心的"
1023,patron,1,"n.(对某人,某种目标,艺术等)赞助人,资助人"
1024,payment,8,"n.付款,支付,报酬,偿还,报应,惩罚"
1025,peak,7,"n.山顶,顶点,帽舌,(记录的)最高峰;adj.最高的;vi.到达最高点,消瘦,缩小;vt.使竖起,使达到最高点"
1026,peculiar,1,"adj.奇特的,罕见的,特殊的;n.特有财产,特权"
1027,peer,17,"n.同等的人,贵族;vi.凝视,窥视;vt.与...同等,封为贵族"
1028,pension,11,"n.养老金,退休金"
1029,per,18,"prep.每,每一,由,经"
1030,perceive,1,"vt.察觉;v.感知,感到,认识到"
1031,perception,3,"n.理解,感知,感觉,DPS公司出的数字影像压缩卡"
1032,perform,3,"vt.履行,执行,表演,演出;v.完成任务"
1033,perfume,2,"n.香味,芳香,香水;vt.使发香,洒香水于,发香味"
1034,periodic,1,"adj.周期的,定期的"
1035,permanent,5,"adj.永久的,持久的"
1036,permission,4,"n.许可,允许"
1037,persist,6,"vi.坚持,持续"
1038,persistent,3,adj.持久稳固的
1039,personnel,8,"n.人员,职员"
1040,petition,1,"n.请愿,情愿书,诉状,陈情书;v.请求,恳求,请愿"
1041,petrol,1,n.<英>汽油（=<美>gasoline）
1042,phase,6,"n.阶段,状态,相,相位;v.定相"
1043,philosopher,3,"n.哲学家,哲人"
1044,physical,38,"adj.身体的,物质的,自然的,物理的;n.体格检查"
1045,physician,2,"n.医师,内科医师"
1046,physiological,2,"adj.生理学的,生理学上的"
1047,pilot,5,"n.飞行员,领航员,引水员;vt.驾驶(飞机等),领航,引水;v.驾驶"
1048,pint,2,n.品脱
1049,pitch,1,"n.程度,斜度,树脂,投掷,定调,船前后颠簸,沥青;vt.投,掷,向前倾,定位于,用沥青涂,扎营;vi.搭篷,投掷,坠落,倾斜"
1050,plague,1,"n.瘟疫,麻烦,苦恼,灾祸;vt.折磨,使苦恼,使得灾祸"
1051,plastic,4,"n.塑胶,可塑体,塑料制品,整形;adj.塑胶的,塑造的,有可塑性的,造形的,(外科)整形的"
1052,platform,9,"n.(车站)月台,讲台,讲坛;平台"
1053,plausible,1,adj.似是而非的
1054,pledge,5,"n.保证,誓言,抵押,抵押品;vt.保证,使发誓,抵押,典当,举杯祝...健康"
1055,plentiful,3,"adj.许多的,大量的,丰富的,丰饶的"
1056,plot,2,"n.小块土地,地区图,图,秘密计划(特指阴谋),(小说的)情节.结构;vt.划分,绘图,密谋;vi.密谋,策划"
1057,plus,2,"prep.加上;adj.正的,加的"
1058,poet,1,n.诗人
1059,poison,1,"n.毒药,败坏道德之事,毒害;vt.毒害,败坏,使中毒;vi.放毒,下毒"
1060,polar,1,"adj.[天]两极的,极地的,南辕北辙的,南极的,(北极星似的)指引的,极性的,北极的;n.极线,极面"
1061,policy,22,"n.政策,方针"
1062,polish,1,"n.磨光,光泽,上光剂,优雅,精良;vt.擦亮,发亮,磨光,推敲;vi.发亮,变光滑;adj.波兰的;n.波兰人"
1063,politics,3,"n.政治,政治学,政纲,政见"
1064,pollute,1,"vt.弄脏,污染"
1065,portable,2,"adj.轻便的,手提(式)的,便携式的"
1066,portion,6,"n.一部分,一分"
1067,pose,2,"n.姿势,姿态;v.(使...)摆好姿势,形成,引起,造成;vi.摆姿势,佯装,矫揉造作"
1068,possess,2,"vt.占有,拥有,持有,摆布,支配"
1069,possession,1,"n.拥有,占有,所有,着迷,领土,领地,财产(常用复数),自制"
1070,postpone,1,"vt.推迟,使延期,延迟"
1071,potential,37,"adj.潜在的,可能的,势的,位的;n.潜能,潜力,电压"
1072,pour,1,"v.灌注,倾泻,涌入,流,倾盆大雨"
1073,powerful,13,"adj.强大的,有力的"
1074,preceding,1,"adj.在前的,前述的"
1075,precise,3,"adj.精确的,准确的;n.精确"
1076,predict,7,"v.预知,预言,预报"
1077,preference,7,"n.偏爱,优先选择"
1078,pregnant,4,"adj.怀孕的,重要的,富有意义的,孕育的"
1079,prejudice,3,"n.偏见,成见,损害,侵害;v.损害"
1080,premature,1,"adj.未成熟的,太早的,早熟的"
1081,premium,5,"n.额外费用,奖金,奖赏,保险费,(货币兑现的)贴水"
1082,preparation,3,"n.准备,预备"
1083,prescribe,2,"v.指示,规定,处(方),开(药)"
1084,prescription,2,"n.指示,规定,命令,处方,药方"
1085,presentation,3,"n.介绍,陈述,赠送,表达"
1086,presently,1,"adv.目前,不久"
1087,pressure,27,"n.压,压力,电压,压迫,强制,紧迫"
1088,prevail,3,"vi.流行,盛行,获胜,成功"
1089,previous,18,"n.事先查看,[计]预览;vt.事先查看,预展,预演"
1090,primarily,10,"adv.首先,起初,主要地,根本上"
1091,primary,8,"adj.第一位的,主要的,初步的,初级的,原来的,根源的"
1092,prime,3,"n.最初,青春,精华;adj.主要的,最初的,有青春活力的,最好的,第一流的,根本的,[数]素数的;v.预先准备好,<口>让人吃(喝)足,灌注,填装"
1093,primitive,3,"adj.原始的,远古的,粗糙的,简单的"
1094,principal,1,"n.负责人,首长,校长,主犯,本金;adj.主要的,首要的"
1095,prior,1,"adj.优先的,在前的;n.预先;adv.在"
1096,privacy,17,"n.独处而不受干扰,秘密"
1097,probable,1,"adj.很可能的,大概的"
1098,procedure,2,"n.程序,手续"
1099,process,38,"n.过程,作用,方法,程序,步骤,进行,推移;vt.加工,处理"
1100,procession,1,"n.行列,队伍"
1101,product,19,"n.产品,产物,乘积"
1102,productive,12,"adj.生产性的,生产的,能产的,多产的"
1103,productivity,5,n.生产力
1104,profession,9,"n.职业,专业,表白,宣布"
1105,profile,2,"n.剖面,侧面,外形,轮廓"
1106,profitable,11,adj.有利可图的
1107,profound,7,"adj.深刻的,意义深远的,渊博的,造诣深的"
1108,project,25,"n.计划,方案,事业,企业,工程;v.设计,计划,投射,放映,射出,发射(导弹等),凸出"
1109,prominent,5,"adj.卓越的,显著的,突出的"
1110,promote,19,"vt.促进,发扬,提升,提拔,晋升为"
1111,prompt,6,"n.提示,付款期限;vt.提示,鼓动,促使,(给演员)提白;adj.敏捷的,迅速的,即时的;adv.准时地;n.DOS命令:改变DOS系统提示符的风格"
1112,proof,3,"n.证据,试验,考验,[印刷]校样;adj.不能透入的,证明用的,防...的,有耐力的;vt.检验,校对,使不被穿透"
1113,property,12,"n.财产,所有物,所有权,性质,特性,(小)道具"
1114,proportion,8,"n.比例,均衡,面积,部分;vt.使成比例,使均衡,分摊"
1115,proportional,1,"adj.比例的,成比例的,相称的,均衡的"
1116,propose,2,"vt.计划,建议,向...提议,求(婚);vi.打算,求婚"
1117,prospect,3,"n.景色,前景,前途,期望;vi.寻找,勘探"
1118,prosperity,6,n.繁荣
1119,protection,24,n.保护
1120,protective,1,"adj.给予保护的,保护的"
1121,protest,5,"n.主张,断言,抗议;v.主张,断言抗议,拒付"
1122,prove,21,"vt.证明,证实,检验,考验;vi.原来(是),证明(是)"
1123,provided,12,conj.倘若
1124,provision,1,"n.供应,(一批)供应品,预备,防备,规定"
1125,provoke,2,"vt.激怒,挑拨,煽动,惹起,驱使"
1126,psychiatrist,2,"n.精神病医师,精神病学家"
1127,publicity,1,n.公开
1128,punch,1,"n.冲压机,冲床,打孔机;vt.冲孔,打孔"
1129,punctual,1,"adj.严守时刻的,准时的"
1130,purify,1,vt.使纯净;v.净化
1131,purple,2,adj.紫色的;n.紫色
1132,purse,1,n.钱包
1133,pursuit,2,n.追击
1134,puzzle,2,"n.难题,谜;v.(使)迷惑,(使)为难,迷惑不解"
1135,qualify,9,"v.(使)具有资格,证明合格,限制修饰;vt.限制,限定"
1136,quantify,2,vt.确定数量;v.量化
1137,quit,29,"vi.离开,辞职,停止;vt.离开,放弃,解除,停止"
1138,quote,3,"vt.引用,引证,提供,提出,报(价)"
1139,radiation,2,"n.发散,发光,发热,辐射,放射,放射线,放射物"
1140,railway,1,"n.[英]铁道,铁路"
1141,random,3,"n.随意,任意;adj.任意的,随便的,胡乱的;adv.胡乱地"
1142,rank,9,"n.等级,横列,阶级;adj.繁茂的,恶臭的,讨厌的,下流的;vt.排列,归类于,把...分等;vi.列为,列队;n.[数]秩"
1143,rape,1,"n.掠夺,强奸,葡萄渣,油菜;vt.掠夺,强奸"
1144,rarely,17,"adv.很少地,罕有地"
1145,rate,38,"n.比率,速度,等级,价格,费用;vt.估价,认为,鉴定等级,责骂;vi.被评价,责骂"
1146,rating,2,"n.等级级别(尤指军阶),额定,责骂,申斥"
1147,rational,7,"adj.理性的,合理的,推理的;n.[数]有理数"
1148,react,1,"vi.起反应,起作用,反抗,起反作用"
1149,readily,4,"adv.乐意地,欣然,容易地"
1150,reality,7,"n.真实,事实,本体,逼真"
1151,realm,2,n.领域
1152,reap,2,"v.收割,收获"
1153,rear,1,"n.后面,背后,后方,屁股;adj.后面的,背面的,后方的;vt.培养,饲养,举起,树立,栽种;vi.高耸,暴跳,用后腿站起"
1154,recall,6,"vt.回忆,回想,记起,取消;n.召回"
1155,recede,1,v.后退
1156,recently,27,adv.最近
1157,reception,3,"n.接待,招待会,接收"
1158,recipient,1,"adj.容易接受的,感受性强的;n.容纳者,容器"
1159,reckon,5,"vt.计算,总计,估计,猜想;vi.数,计算,估计,依赖,料想"
1160,recognition,5,"n.赞誉,承认,重视,公认,赏识,识别"
1161,recommend,9,"vt.推荐,介绍,劝告,使受欢迎,托付,使...受欢迎,使...可取"
1162,recommendation,4,"n.推荐,介绍(信),劝告,建议"
1163,recorder,3,"n.记录员,录音[像]机;n.[计]宏录制器,记录器"
1164,recovery,7,"n.恢复,痊愈,防御"
1165,recruit,15,"n.新兵,新分子,新会员;vt.使恢复,补充,征募;vi.征募新兵,复原"
1166,reduction,5,"n.减少,缩影,变形,缩减量,约简"
1167,referee,5,"n.仲裁人,调解人,[体]裁判员;v.仲裁,裁判"
1168,reference,4,"n.提及,涉及,参考,参考书目,证明书(人),介绍信(人)"
1169,refine,1,"vt.精炼,精制,使文雅高尚"
1170,reflection,3,"n.反射,映象,倒影,反省,沉思,反映"
1171,reform,7,"n.改革,改善,改良运动,感化;vt.改革,革新,重新组成;vi.革新,改过,重组"
1172,refresh,1,"v.(使)精神振作,(使)精力恢复,更新"
1173,refrigerator,4,"n.电冰箱,冷藏库"
1174,refusal,3,"n.拒绝,推却,优先取舍权,优先取舍的机会"
1175,regarding,1,prep.关于
1176,region,10,"n.区域,地方,(世界上某个特定的)地区,(艺术,科学等的)领域,(大气,海水等的)层"
1177,register,4,"n.记录,登记簿,登记,注册,寄存器;vt.记录,登记,注册,提示,把...挂号;vi.登记,注册,挂号"
1178,regulate,2,"vt.管制,控制,调节,校准"
1179,reinforce,3,"vt.加强,增援,补充,增加...的数量,修补,加固;vi.求援,得到增援;n.加固物"
1180,reject,1,"n.被拒之人,被弃之物,不合格品,落选者,不及格者;vt.拒绝,抵制,否决,呕出,驳回,丢弃"
1181,relate,4,"vt.叙述,讲,使联系,发生关系"
1182,relative,11,"n.亲戚,关系词,相关物,亲缘植物;adj.有关系的,相对的,比较而言的"
1183,relativity,3,"n.相对性,相关性,[物]相对论"
1184,release,6,"n.释放,让渡,豁免,发行的书,释放证书;vt.释放,解放,放弃,让与,免除,发表;n.版本,发布"
1185,reliable,9,"adj.可靠的,可信赖的"
1186,reliance,2,"n.信任,信心,依靠,依靠的人或物"
1187,relieve,4,"vt.减轻,解除,援救,救济,换班"
1188,religion,1,"n.宗教,信仰"
1189,reluctant,9,"adj.不顾的,勉强的,难得到的,难处理的"
1190,remain,26,"vi.保持,逗留,剩余,残存"
1191,remark,6,"n.备注,评论,注意,注释;vt.评论,注意,谈及;vi.谈论"
1192,remarkable,5,"adj.不平常的,非凡的,值得注意的,显著的"
1193,remedy,1,"n.药物,治疗法,补救,赔偿;vt.治疗,补救,矫正,修缮,修补"
1194,remote,8,"adj.遥远的,偏僻的,细微的"
1195,render,2,"vt.呈递,归还,着色,汇报,致使,放弃,表演,实施;vi.给予补偿;n.交纳,粉刷,打底"
1196,renew,2,"vt.使更新,使恢复,重申,补充,续借,复兴;vi.更新,重新开始"
1197,repay,3,"v.偿还,报答,报复"
1198,replace,21,"vt.取代,替换,代替,把...放回原处"
1199,replacement,7,"n.归还,复位,交换,代替者,补充兵员,置换,移位"
1200,reporter,3,"n.记者,通讯员"
1201,representative,3,"n.代表;adj.典型的,有代表性的"
1202,reproduce,5,"v.繁殖,再生,复制,使...在脑海中重现"
1203,reputation,18,"n.名誉,名声"
1204,requirement,4,"n.需求,要求,必要条件,需要的东西,要求必备的条件"
1205,rescue,2,"vt.援救,营救;n.援救,营救"
1206,resemble,2,"vt.象,类似"
1207,reservation,1,"n.保留,(旅馆房间等)预定,预约"
1208,residence,1,"n.居住,住处"
1209,residential,3,"adj.住宅的,与居住有关的"
1210,resign,2,"n.辞去(职务);v.辞去,辞职"
1211,resistance,3,"n.反抗,抵抗,抵抗力,阻力,电阻,阻抗"
1212,resistant,2,"adj.抵抗的,有抵抗力的"
1213,resolve,2,"n.决心;v.决心,决定,决心要,(使)分解,溶解,解决;vt.解决"
1214,resort,2,"vi.求助,诉诸,采取(某种手段等),常去;n.凭借,手段,常去之地,胜地"
1215,resource,2,"n.资源,财力,办法,智谋"
1216,respectively,2,"adv.分别地,各个地"
1217,response,14,"n.回答,响应,反应"
1218,responsible,19,"adj.有责任的,可靠的,可依赖的,负责的"
1219,restore,4,"vt.恢复,使回复,归还,交还,修复,重建"
1220,restraint,2,"n.抑制,制止,克制"
1221,result,37,"n.结果,成效,计算结果;vi.起因,由于,以...为结果,导致"
1222,resume,4,"n.摘要,概略,<美>履历;vt.再继续,重新开始,重新占用,再用,恢复"
1223,retire,9,"vi.退休,引退,退却,撤退,就寝"
1224,retreat,1,"vi.撤退,退却;n.撤退,退却"
1225,retrieve,1,v.重新得到;n.找回
1226,reunion,2,"n.团圆,重聚"
1227,revelation,1,"n.显示,揭露,被揭露的事,新发现,启示,揭示"
1228,revenge,1,"n.报仇,复仇;vt.替...报仇,复仇"
1229,reverse,4,"n.相反,背面,反面,倒退;adj.相反的,倒转的,颠倒的;vt.颠倒,倒转"
1230,revise,3,"vt.修订,校订,修正,修改"
1231,revolutionary,1,adj.革命的
1232,reward,3,"n.报酬,奖金;vt.酬劳,奖赏"
1233,rhythm,3,"n.节奏,韵律"
1234,rid,8,"vt.使摆脱,使去掉"
1235,rigid,3,"adj.刚硬的,刚性的,严格的"
1236,risk,28,"vt.冒...的危险;n.冒险,风险"
1237,rival,3,"n.竞争者,对手;v.竞争,对抗,相匹敌"
1238,rocket,1,n.火箭;v.飞速上升
1239,romance,4,"n.冒险故事,浪漫史,传奇文学,风流韵事,虚构;vi.写传奇,渲染,虚构"
1240,route,3,"n.路线,路程,通道;v.发送"
1241,rude,1,"adj.粗鲁的,无礼的,猛烈的,残暴的,粗鲁无礼的"
1242,ruin,1,"v.(使)破产,(使)堕落,毁灭;n.毁灭,崩溃,废墟,遗迹"
1243,rural,12,"adj.乡下的,田园的,乡村风味的,生活在农村的"
1244,sack,1,"n.大袋,大袋之量,麻布袋,短而松的袍装,布袋装,洗劫;vt.解雇,装入袋,洗劫,就寝"
1245,sacrifice,2,"n.牺牲,献身,祭品,供奉;v.牺牲,献出,献祭,供奉"
1246,sake,2,"n.为了...之好处,出于对...的兴趣,缘故,理由,日本米酒"
1247,salary,10,n.薪水;vt.给...加薪
1248,salesman,4,"n.售货员,推销员"
1249,satellite,2,n.人造卫星
1250,satisfactory,1,"adj.满意的,赎罪的"
1251,sauce,1,"n.沙司,酱油,调味料;vt.调味,使增加趣味"
1252,saving,11,"n.存款,挽救,救助,节约;adj.搭救的,挽救的,节约的,节俭的,保留的,补偿的;prep.除...之外,考虑到"
1253,scale,8,"n.刻度,衡量,比例,数值范围,比例尺,天平,等级;vt.依比例决定,攀登,测量;vi.剥落,生水垢,重,攀登,衡量"
1254,scan,3,"v.细看,审视,浏览,扫描;n.扫描"
1255,scarce,1,"adj.缺乏的,不足的,稀有的,不充足的"
1256,scenery,4,"n.风景,景色"
1257,schedule,8,"n.时间表,进度表;v.确定时间"
1258,scheme,2,"n.安排,配置,计划,阴谋,方案,图解,摘要;v.计划,设计,图谋,策划"
1259,scholarship,3,"n.奖学金,学问,学识"
1260,scope,4,"n.(活动)范围,机会,余地"
1261,score,1,"n.得分,乐谱,抓痕,二十,终点线,刻痕,帐目,起跑线;vt.把...记下,刻划,划线,获得,评价;vi.记分,刻痕,得分"
1262,scratch,3,"n.乱写,刮擦声,抓痕,擦伤;vt.乱涂,勾抹掉,擦,刮,搔,抓,挖出;vi.发刮擦声,搔,抓;adj.打草稿用的,凑合的"
1263,screen,7,"n.屏,银幕,筛子,掩蔽物,屏风;vt.掩蔽,包庇,放映,拍摄,筛;vi.拍电影"
1264,sculpture,1,"n.雕刻,雕刻品,雕塑,雕塑品,[地理]刻蚀;v.雕刻,雕塑,刻蚀"
1265,secondary,7,"adj.次要的,二级的,中级的,第二的"
1266,sector,3,"n.部分,部门,[计]扇区,地区,象限,扇形;v.使分成部分,把...分成扇形"
1267,secure,2,"adj.安全的,可靠的,放心的,无虑的;v.保护"
1268,seemingly,4,adv.表面上地
1269,segment,3,"n.段,节,片断;v.分割"
1270,select,43,"vt.选择,挑选;adj.精选的"
1271,selection,6,"n.选择,挑选,选集,精选品"
1272,selfish,1,adj.自私的
1273,senator,1,"n.参议员,(大学的)评议员,(古罗马的)元老院议员"
1274,sensible,6,"adj.有感觉的,明智的,有判断力的"
1275,sequence,1,"n.次序,顺序,序列"
1276,series,7,"n.连续,系列,丛书,级数"
1277,session,1,"n.会议,开庭"
1278,setting,4,"n.安置,安装,(太阳)落山,(固定东西的)框架,底座"
1279,settlement,1,"n.沉降,解决,结算,殖民,殖民地"
1280,shave,5,"v.剃,刮,削刮;vt.刨,削;n.刮脸"
1281,sheer,2,"adj.全然的,纯粹的,绝对的,彻底的,透明的;vi.避开,躲避,偏航;vt.使避开,使偏航;adv.完全,全然,峻峭;n.偏航"
1282,shelter,2,"n.掩蔽处,身避处,掩蔽,保护,庇护所,掩体;v.掩蔽,躲避"
1283,shift,13,"n.移动,轮班,移位,变化,办法,手段;vt.替换,转移,改变,移转,推卸,变速;vi.转换,移动,转变,推托,变速"
1284,shortage,11,"n.不足,缺乏"
1285,shortly,1,"adv.立刻,不久,简略地,简言之,即刻"
1286,shrink,4,"v.收缩,(使)皱缩,缩短"
1287,shuttle,5,"n.往返汽车(列车、飞机),航天飞机,梭子,穿梭;v.穿梭往返"
1288,sideways,1,"adv.向一旁,向侧面地,斜地里;adj.一旁的,向侧面的"
1289,sightseeing,1,n.观光
1290,significance,5,"n.意义,重要性"
1291,similar,31,"adj.相似的,类似的"
1292,similarly,3,"adv.同样地,类似于"
1293,simplicity,1,"n.简单,简易,朴素,直率"
1294,sin,1,"n.[俗]违背习俗,不合情理之事,过失,罪过,[数学]正弦函数"
1295,single,148,"adj.单一的,单身的,单纯的,孤独的,专一的,个别的;n.一个,单打,单精度型;vt.选出;vi.[棒]作一垒打"
1296,singular,1,"n.单数;adj.单一的,非凡的,异常的,持异议的"
1297,site,4,"n.地点,场所,遗址;vt.定...的地点;n.站点"
1298,skeleton,2,"n.(动物之)骨架,骨骼,基干,纲要,万能钥匙"
1299,skeptical,1,"adj.怀疑性的,好怀疑的,<口>无神论的"
1300,skilled,7,adj.熟练的
1301,slap,1,"vt.拍,掌击,拍击;n.拍,掌击,拍击"
1302,slide,1,"v.(使)滑动,(使)滑行;n.滑,滑动,幻灯片"
1303,slim,2,"adj.苗条的,纤细的,不足取的,无价值的,细长的;v.变细,减肥"
1304,slippery,3,"adj.滑的,光滑的"
1305,slogan,2,"n.口号,标语"
1306,slope,1,"n.斜坡,斜面,倾斜;v.(使)顺斜"
1307,snack,8,"n.小吃,快餐,一份;v.吃快餐(小吃)"
1308,social,76,"adj.社会的,爱交际的,社交的,群居的"
1309,sociology,1,n.社会学
1310,software,22,n.软件
1311,solar,13,"adj.太阳的,日光的"
1312,sole,1,"adj.单独的,唯一的;n.脚底,鞋底,基础;v.换鞋底"
1313,solution,14,"n.解答,解决办法,溶解,溶液,解决方案"
1314,solve,12,"vt.解决,解答"
1315,somehow,3,adv.不知何故
1316,sophisticated,6,"adj.诡辩的,久经世故的"
1317,sore,1,"adj.疼痛的,痛心的,剧烈的;n.痛的地方,痛处"
1318,sorrow,1,"n.悲哀,悲痛"
1319,source,21,"n.来源,水源,消息来源,原始资料,发起者,源,源极"
1320,spacious,1,"adj.广大的,大规模的"
1321,span,5,"n.跨度,跨距,范围;v.横越"
1322,specialist,1,"n.专门医师,专家"
1323,species,14,"n.种类,(原)核素;n.[律]式样;n.[宗]圣餐物"
1324,specifically,3,"adv.特定的,明确的"
1325,specify,5,"vt.指定,详细说明,列入清单"
1326,specimen,2,"n.范例,标本,样品,样本,待试验物"
1327,spectrum,1,"n.光,光谱,型谱,频谱"
1328,spelling,9,"n.拼法,拼写法"
1329,spiritual,8,adj.精神上的
1330,spite,4,"n.(in～of)不顾,不管,敌意;v.困扰"
1331,splendid,2,"adj.壮丽的,辉煌的,极好的"
1332,spoil,1,"vt.损坏,搞糟,宠坏,溺爱;v.扰乱"
1333,sponsor,5,"n.发起人,主办者,保证人,主办人;vt.发起,主办;v.赞助"
1334,spot,11,"n.班点,污点,地点,场所,现场;v.沾污,弄脏,侦察;vt.认出,发现"
1335,spouse,6,n.配偶(指夫或妻)
1336,spray,2,"n.喷雾,飞沫;vt.喷射,喷溅"
1337,spur,1,"n.踢马剌,剌激物,(鸟,虫等的)距,刺激;v.鞭策,刺激,疾驰,驱策"
1338,stability,16,n.稳定性
1339,stabilize,1,v.稳定
1340,stack,2,"n.堆,一堆,堆栈;v.堆叠"
1341,staff,30,"n.棒,杖,杆,支柱,全体职员,[军]参谋机构,[音]五线谱;vt.供给人员,充当职员"
1342,stake,2,n.树桩
1343,standpoint,1,"n.立场,观点"
1344,stare,1,"v.(～at)凝视,盯着看"
1345,starve,1,vt.使饿死;vi.饿得要死
1346,statistic,1,"n.统计量;adj.统计的,统计学的"
1347,status,12,"n.身份,地位,情形,状况"
1348,steady,5,"adj.稳固的,稳定的,坚定的,扎实的,坚定不移的;v.(使)稳定,(使)稳固"
1349,steep,2,"adj.陡峭的,险峻的,急剧升降的,不合理的;n.悬崖,峭壁,浸渍,浸渍液;v.浸,泡,沉浸"
1350,steer,1,"v.驾驶,掌舵"
1351,stereotype,9,"n.[印]铅版,陈腔滥调,老套;vt.使用铅版,套用老套,使一成不变"
1352,sticky,1,"adj.粘的,粘性的"
1353,stimulate,7,"vt.刺激,激励;v.刺激,激励"
1354,stir,2,"n.轰动,搅动,监牢;vt.动,移动,摇动,激起,搅和,惹起;vi.走动,传播,流行"
1355,stocking,1,n.长袜
1356,storage,5,"n.贮藏(量),贮藏库,存储"
1357,stove,2,n.炉
1358,strain,3,"n.过度的疲劳,紧张,张力,应变;vt.扭伤,损伤;v.拉紧,扯紧,(使)紧张,尽力"
1359,strand,2,"n.绳、线之一股,线,绳,串,海滨,河岸;vi.搁浅;vt.使搁浅,使落后,使陷于困境,弄断,搓"
1360,strategy,7,"n.策略,军略"
1361,stream,1,"n.溪,川,流,一股,一串,河流;v.流,涌,流注"
1362,strengthen,8,"v.加强,巩固"
1363,stretch,6,"v.伸展,伸长;n.一段时间,一段路程,伸展"
1364,striking,2,"adj.打击的,显著的,惊人的,罢工的"
1365,strip,1,"vt.剥,剥去;n.条,带"
1366,strive,1,"v.努力,奋斗,力争,斗争"
1367,structure,12,"n.结构,构造,建筑物;vt.建筑,构成,组织"
1368,studio,9,"n.画室,照相室,工作室,(无线电或电视节目的)演播室,(制作电影的)摄影棚,(电影公司的)摄影场"
1369,stuff,6,"n.原料,材料,素材资料;vt.塞满,填满,填充"
1370,subject,19,"n.题目,主题,科目,学科,国民,[语法]主语;adj.受他国统治的,未独立的,受制于...的,受...影响的,以...为条件的;vt.使屈从于...,使隶属"
1371,submarine,1,"n.潜水艇,潜艇;adj.水下的,海底的"
1372,submit,8,"v.(使)服从,(使)顺从;vt.提交,递交"
1373,subsequent,4,"adj.后来的,并发的"
1374,substance,2,"n.物质,实质,主旨"
1375,substitute,1,"n.代用品,代替者,替代品;v.代替,替换,替代"
1376,succession,1,"n.连续,继承,继任,演替,[农业]轮栽,连续性"
1377,suffer,12,"vt.遭受,经历,忍受;vi.受痛苦,受损害"
1378,sufficient,13,"adj.充分的,足够的"
1379,suggestion,7,"n.提议,意见,暗示,微量"
1380,suicide,2,"n.自杀,自毁,给自己带来伤害或损失的行为"
1381,sum,3,"n.总数,和,金额,算术题"
1382,sunlight,1,"n.日光,阳光,日照"
1383,sunrise,1,n.日出
1384,sunshine,1,n.阳光
1385,superb,1,"adj.庄重的,堂堂的,华丽的,极好的"
1386,superior,9,"n.长者,高手,上级;adj.较高的,上级的,上好的,出众的,高傲的"
1387,supervise,1,"v.监督,管理,指导"
1388,supply,17,"n.补给,供给,供应品;vt.补给,供给,提供,补充,代理;vi.替代他人职务"
1389,suppose,8,"vt.推想,假设,猜想;vi.料想;conj.假使...结果会怎样"
1390,surge,3,"n.巨涌,汹涌,澎湃;vi.汹涌,澎湃,振荡,滑脱,放松;vt.使汹涌奔腾,急放"
1391,surgery,3,"n.外科,外科学,手术室,诊疗室"
1392,surpass,1,"vt.超越,胜过"
1393,surplus,1,"n.剩余,过剩,[会计]盈余;adj.过剩的,剩余的;vt.转让,卖掉"
1394,surrounding,2,"n.围绕物,环境;adj.周围的"
1395,survival,9,"n.生存,幸存,残存,幸存者,残存物"
1396,susceptible,1,"adj.易受影响的,易感动的,容许...的;n.(因缺乏免疫力而)易得病的人"
1397,suspension,1,"n.吊,悬浮,悬浮液,暂停,中止,悬而未决,延迟"
1398,suspicion,1,"n.猜疑,怀疑"
1399,sustain,7,"vt.支撑,撑住,维持,持续"
1400,swallow,3,"n.[鸟]燕子,吞咽,喉;vt.咽,淹没,吞没,取消,忍受,轻信,压制,耗尽;vi.吞下,咽下"
1401,sway,1,"v.摇摆,摇动"
1402,swift,3,"n.[鸟]雨燕,(梳棉机等的)大滚筒;adj.迅速的,快的,敏捷的,立刻的;adv.迅速地,敏捷地"
1403,switch,11,"n.开关,电闸,转换;vt.转换,转变"
1404,sword,5,n.剑
1405,symbol,4,"n.符号,记号,象征"
1406,sympathetic,3,"adj.有同情心的,合意的,赞成的;n.[解]交感神经,容易感受的人"
1407,sympathy,4,"n.同情,同情心"
1408,symptom,1,"n.[医][植]症状,征兆"
1409,system,61,"n.系统,体系,制度,体制,秩序,规律,方法"
1410,tackle,2,"n.工具,复滑车,滑车,辘轱,用具,装备,扭倒;vt.固定,应付(难事等),处理,解决,抓住;vi.捉住,扭住,扭倒"
1411,talent,10,"n.天才,才干,才能"
1412,tame,1,"adj.(动物)驯服的,柔顺的,(人)没精打彩的,顺从的,被开垦的,沉闷的,乏味的,平淡的;vt.驯养,驯服,制服,使变得平淡;vi.变得驯服"
1413,target,8,"n.目标,对象,靶子"
1414,tax,14,"n.税,税款,税金;vt.对...征税,使负重担,指控,责备"
1415,technician,2,"n.技术员,技师"
1416,technology,93,"n.工艺,科技,技术"
1417,tedious,9,"adj.单调乏味的,沉闷的,冗长乏味的"
1418,teenager,2,n.十几岁的青少年
1419,temper,3,"n.(钢等)韧度,回火,性情,脾气,情绪,心情,调剂,趋向;v.(冶金)回火、锻炼,调和,调节"
1420,temple,1,"n.庙,寺,神殿,教堂,礼拜堂,太阳穴,鬓角"
1421,temporary,5,"adj.暂时的,临时的,临时性"
1422,temptation,8,"n.诱惑,诱惑物"
1423,tend,44,"vi.趋向,往往是;vt.照管,护理"
1424,tendency,4,"n.趋向,倾向"
1425,tender,2,"adj.嫩的,温柔的,软弱的"
1426,tension,4,"n.紧张(状态),不安,拉紧,压力,张力,牵力,电压;vt.拉紧,使紧张"
1427,terminal,3,"n.终点站,终端,接线端;adj.末期,每期的,每学期的"
1428,terrific,4,adj.令人恐怖的
1429,terrify,1,"vt.使恐怖,恐吓"
1430,terror,1,"n.恐怖,可怕的人,恐怖时期,恐怖行动"
1431,theft,5,"n.偷,行窃,偷窃的事例,偷窃行为"
1432,theory,12,"n.理论,学说,...论,原理,意见,推测"
1433,therapy,3,n.治疗
1434,thereby,2,"adv.因此,从而,在那方面,在那附近"
1435,thesis,2,"n.论题,论文"
1436,thinking,37,n.思想
1437,thirsty,2,"adj.口渴的,渴望的,热望的"
1438,thorough,1,"adj.十分的,彻底的"
1439,threat,9,"n.恐吓,凶兆,威胁"
1440,threaten,1,"vt.恐吓,威胁,预示(危险),似有发生或来临的可能,可能来临"
1441,thrill,2,v.发抖
1442,thrive,1,"v.兴旺,繁荣,茁壮成长,旺盛"
1443,thrust,1,"n.插,戳,刺,推力,猛推,口头攻击;vt.力推,冲,插入,挤进,刺,戳,强加,延伸;vi.插入,刺,戳,延伸,强行推进"
1444,tide,1,"n.潮,潮汐,潮流,趋势"
1445,timely,3,"adj.及时的,适时的"
1446,tissue,7,"n.薄的纱织品,薄纸,棉纸,[生]组织,连篇"
1447,token,1,"n.表示,向征,记号,代币;adj.象征的,表意的"
1448,toll,1,"n.通行税(费),费,代价,钟声;vt.征收,敲钟,鸣(钟)(特指宣布死亡),勾引,引诱;vi.征税,鸣钟"
1449,topic,11,"n.话题,主题"
1450,tough,12,"n.恶棍;adj.强硬的,艰苦的,坚强的,坚韧的,强壮的,吃苦耐劳的,凶恶的,粗暴的;adv.<口>强硬地,顽强地;vt.<美口>忍受,耐,坚持"
1451,tour,8,"n.旅行,游历,旅游;v.旅行,游历,巡回,漫游"
1452,trace,2,"n.痕迹,踪迹,微量,迹线,缰绳;vt.描绘,映描,画轮廓,追踪,回溯,探索;vi.上溯,沿路走"
1453,tractor,1,n.拖拉机
1454,tradition,14,"n.传统,惯例"
1455,tragedy,1,"n.悲剧,惨案,悲惨,灾难"
1456,tragic,1,"adj.悲惨的,悲剧的;n.(文艺作品或生活中的)悲剧因素,悲剧风格"
1457,trait,1,"n.显著的特点,特性"
1458,transfer,6,"n.迁移,移动,传递,转移,调任,转帐,过户,转让;vt.转移,调转,调任,传递,转让,改变;vi.转移,转学,换车"
1459,transform,4,"vt.转换,改变,改造,使...变形;vi.改变,转化,变换;n.[数]变换(式),[语]转换"
1460,transit,3,"n.经过,通行,搬运,运输,运输线,转变;vt.横越,通过,经过;vi.通过;n.[天]中天,经纬仪"
1461,translation,11,"n.翻译,译文,转化,调任,转换[物][数]平移"
1462,transplant,1,"v.移植,移种,移民,迁移;n.移植,被移植物,移居者"
1463,transportation,7,"n.运输,运送"
1464,trap,1,"n.圈套,陷阱,诡计,活板门,存水弯,汽水闸,(双轮)轻便马车;vi.设圈套,设陷阱;vt.诱捕,诱骗,计捉,设陷,坑害,使受限制"
1465,tray,1,"n.盘,碟,盘子"
1466,treaty,1,"n.条约,谈判"
1467,tremendous,5,"adj.极大的,巨大的"
1468,trend,37,"n.倾向,趋势;vi.伸向,倾向,通向"
1469,trial,2,"n.试验,考验,审讯,审判"
1470,trigger,1,"vt.引发,引起,触发;n.板机"
1471,troublesome,3,"adj.麻烦的,讨厌的,棘手的"
1472,tuition,12,n.学费
1473,tune,1,"n.曲调,调子,和谐,合调;vt.调音,调整,拨收,收听,知道或察觉他人所说的话或表现的情绪"
1474,tutor,6,"n.家庭教师,(大学)指导教师,助教,监护人,辅导教师;v.辅导"
1475,typical,11,"adj.典型的,象征性的"
1476,typist,1,n.打字员
1477,ultimate,6,"adj.最后的,最终的,根本的;n.最终"
1478,undergraduate,6,"n.大学肄业生,(尚未取得学位的)大学生;adj.大学生的"
1479,underground,3,"adj.地下的,地面下的,秘密的;n.[英]地铁;adv.在地下,秘密地"
1480,undermine,1,v.破坏
1481,understanding,19,"n.谅解,理解"
1482,undertake,1,"vt.承担,担任,许诺,保证;v.采取"
1483,undoubtedly,3,"adv.无庸置疑地,的确地"
1484,uneasy,3,"adj.心神不安的,不自在的,不稳定的,不舒服的;adv.心神不安地,不自在地,不稳定地"
1485,unexpected,6,"adj.想不到的,意外的,未预料到"
1486,unfold,1,"vt.打开,显露,开展,阐明;vi.伸展,开花,呈现;vt.放(羊)出栏"
1487,union,2,"n.联合,合并,结合,联盟,协会"
1488,universal,5,"adj.普遍的,全体的,通用的,宇宙的,世界的"
1489,universe,1,"n.宇宙,世界,万物,领域"
1490,unlike,1,"adj.不同的,不相似的;prep.不象...,和...不同"
1491,unusual,12,"adj.不平常的,与众不同的,不寻常的"
1492,update,2,"v.使现代化,修正,校正,更新;n.现代化,更新"
1493,upper,4,"adj.上面的,上部的,较高地位的"
1494,upset,4,"vt.颠覆,推翻,扰乱,使不适,使心烦;vi.翻倒,倾覆;n.翻倒,混乱"
1495,urban,12,"adj.城市的,市内的"
1496,urge,2,"vt.催促,力劝;n.强烈欲望,迫切要求;v.促进"
1497,usage,5,"n.使用,用法"
1498,utility,3,"n.效用,有用"
1499,utilize,2,vt.利用
1500,utmost,1,"n.极限,最大可能,极力;adj.极度的,最远的"
1501,utter,1,"adj.全然的,绝对的;vt.发出,做声,发表,发射,流通"
1502,vacation,6,"n.假期,休假,(房屋等的)腾出;v.<美>度假,休假"
1503,vague,3,"adj.含糊的,不清楚的,茫然的,暧昧的"
1504,vain,1,"adj.徒然的,无益的,虚荣的,空虚的,自负的,愚蠢的"
1505,variation,2,"n.变更,变化,变异,变种,[音]变奏,变调"
1506,various,30,"adj.不同的,各种各样的,多方面的,多样的"
1507,vary,11,"vt.改变,变更,使多样化;vi.变化,不同,违反"
1508,vast,10,"adj.巨大的,辽阔的,大量的,巨额的"
1509,vehicle,3,"n.交通工具,车辆,媒介物,传达手段"
1510,venture,8,"n.冒险,投机,风险;v.冒险,冒昧,斗胆,胆敢(谦语)"
1511,verbal,1,adj.口头的
1512,version,5,"n.译文,译本,翻译"
1513,versus,1,"prep.对(指诉讼,比赛等中),与...相对"
1514,vessel,1,"n.船,容器,器皿,脉管,导管"
1515,via,5,"prep.经,通过,经由"
1516,vice,12,"n.恶习,恶行,坏脾气,罪恶,堕落,老虎钳,缺点,缺陷;vt.钳住;prep.代替"
1517,victim,1,"n.受害人,牺牲者,牺牲品"
1518,vigorous,3,"adj.精力旺盛的,有力的,健壮的"
1519,violate,1,"vt.违犯,亵渎(圣物),冒犯,干扰,违反,妨碍,侵犯,强暴"
1520,violent,9,"adj.猛烈的,激烈的,暴力引起的,强暴的"
1521,violin,2,"n.小提琴,小提琴手"
1522,virtual,1,"adj.虚的,实质的,[物]有效的,事实上的"
1523,virus,3,"n.[微]病毒,滤过性微生物,毒害,恶毒(vires[5vaiEri:z]n.活力)"
1524,visible,6,"adj.看得见的,明显的,显著的;n.可见物"
1525,visual,4,"adj.看的,视觉的,形象的,栩栩如生的"
1526,vital,10,"adj.生死攸关的,重大的,生命的,生机的,至关重要的,所必需的"
1527,vivid,2,"adj.生动的,鲜明的,鲜艳的,大胆的,清晰的,活泼的,逼真的"
1528,vocational,1,adj.职业的
1529,volume,3,"n.卷,册,体积,量,大量,音量"
1530,voluntary,1,"adj.自动的,自愿的,主动的,故意的,非官办的,志愿的,自发的"
1531,vote,1,"n.投票,选票,表决,得票数;vi.投票;vt.投票,投票决定,公认,<口>建议,使投票"
1532,vulnerable,4,"adj.易受攻击的,易受...的攻击"
1533,waist,1,"n.腰部,腰,衣服的上身部分,背心"
1534,wallet,10,"n.皮夹,钱夹,钓鱼带"
1535,ward,4,"n.守卫,保卫,保护,牢房,病房,行政区,监护,锁孔;vt.守护,保卫,防止,挡住,躲开,避免"
1536,warmth,6,"n.暖和,温暖,热心,热情"
1537,weaken,1,"v.削弱,(使)变弱"
1538,wealthy,16,"adj.富有的,丰裕的,充分的;n.富人,有钱人"
1539,weapon,1,n.武器
1540,web,6,"n.网,蛛丝,蹼,翼手,织物,圈套,卷筒纸;vi.使陷入罗网,形成网;vt.织蜘蛛网于,使落入圈套;环球网"
1541,weekly,6,"adj.每星期的,一周的;adv.每周一次;n.周刊,周报"
1542,weep,2,"n.哭,哭泣,滴下;vi.哭泣,流泪,哀悼,滴落;vt.哭着使...,悲叹,滴下"
1543,weird,1,"adj.怪异的,超自然的,神秘的,不可思议的,超乎事理之外的;n.<古><苏格兰>命运,预言,符咒"
1544,welfare,4,"n.福利,安宁,幸福,福利事业,社会安全;adj.福利的"
1545,whereas,5,"conj.然而,反之,鉴于,尽管,但是"
1546,whoever,2,"pron.任何人,无论谁"
1547,wholly,1,"adv.整个,统统,全部,专门地"
1548,widen,1,"v.加宽,放宽,扩展"
1549,wisdom,9,"n.智慧,明智的行为,学识,名言,贤人,至理名言"
1550,withstand,3,"vt.抵挡,经受住"
1551,witness,2,"n.[律]证人,目击者,证据,证明,证词;vt.目击,为...作证,证明,表明;vi.作证,成为证据"
1552,workshop,4,"n.车间,工场"
1553,worthwhile,2,"adj.值得做的,值得出力的"
1554,wrap,1,"n.外套,围巾,包裹,秘密,约束,限制;vt.包装,卷,缠绕,包,覆盖,裹,遮蔽,隐藏;vi.缠绕,重叠,穿外衣,包起来"
1555,writer,15,"n.作者,作家,复写器"
1556,yield,9,"v.出产,生长,生产;vi.(～to)屈服,屈从;n.产量,收益"
