,单词,前缀,单词释义
0,abandon,ab 加在同辅音字母词根前，表示 一再 等加强意,"vt.放弃,遗弃;n.放任,狂热"
1,ability,"ab 加在词根前,表示 相反，变坏，离去 等","n.能力,才干"
2,aboard,ab 加在同辅音字母词根前，表示 一再 等加强意,"adv.在船(飞机、车)上,上船(飞机、车);prep.在(船、飞机、车)上,上(船、飞机、车)"
3,abolish,"ab 加在词根前,表示 相反，变坏，离去 等","vt.废止,废除(法律、制度、习俗等)"
4,abroad,ab 加在同辅音字母词根前，表示 一再 等加强意,"adv.往国外,到处,海外,广泛,差得远,心里没有谱"
5,abrupt,"ab 加在词根前,表示 相反，变坏，离去 等","adj.突然的,陡峭的,生硬的"
6,absent,"abs 加在词根前,表示 相反，变坏，离去 等","adj.不在的,缺席的,缺少的;vt.缺席"
7,absolute,ab 加在同辅音字母词根前，表示 一再 等加强意,"adj.完全的,绝对的"
8,absorb,"ab 加在词根前,表示 相反，变坏，离去 等","vt.吸收,吸引"
9,absurd,"abs 加在词根前,表示 相反，变坏，离去 等","adj.荒谬的,可笑的"
10,abundance,ab 加在同辅音字母词根前，表示 一再 等加强意,"n.丰富,充裕,丰富充裕"
11,abundant,"ab 加在词根前,表示 相反，变坏，离去 等","adj.丰富的,充裕的,丰富,盛产,富于"
12,academic,ac 加在同辅音字母词根前，表示 一再 等加强意,"adj.学院的,理论的"
13,accelerate,ac 加在同辅音字母词根前，表示 一再 等加强意,"v.加速,促进"
14,acceptance,ac 加在同辅音字母词根前，表示 一再 等加强意,"n.接受,承诺,容忍,赞同,相信"
15,accessory,ac 加在同辅音字母词根前，表示 一再 等加强意,"n.附件,零件,附加物,从犯,同谋者;adj.附属的,补充的,同谋的,副的"
16,accidental,ac 加在同辅音字母词根前，表示 一再 等加强意,"adj.意外的,非主要的,附属的;n.非本质属性,次要方面"
17,accommodation,ac 加在同辅音字母词根前，表示 一再 等加强意,"n.住处,膳宿,(车,船,飞机等的)预定铺位,(眼睛等的)适应性调节,(社会集团间的)迁就融合"
18,accomplish,ac 加在同辅音字母词根前，表示 一再 等加强意,"vt.完成,达到,实现"
19,accordance,ac 加在同辅音字母词根前，表示 一再 等加强意,"n.一致,和谐"
20,accordingly,ac 加在同辅音字母词根前，表示 一再 等加强意,"adv.因此,从而"
21,accountant,ac 加在同辅音字母词根前，表示 一再 等加强意,"n.会计(员),会计师"
22,accuracy,ac 加在同辅音字母词根前，表示 一再 等加强意,"n.精确性,正确度"
23,accuse,ac 加在同辅音字母词根前，表示 一再 等加强意,"vt.控告,谴责,非难"
24,ache,ac 加在同辅音字母词根前，表示 一再 等加强意,"n.疼痛;vi.觉得疼痛,渴望"
25,acid,ac 加在同辅音字母词根前，表示 一再 等加强意,"n.[化]酸,<俚>迷幻药;adj.酸的,讽刺的,刻薄的"
26,acquaint,ac 加在同辅音字母词根前，表示 一再 等加强意,"vt.使熟知,通知"
27,acquire,ac 加在同辅音字母词根前，表示 一再 等加强意,"vt.获得,学到"
28,acre,ac 加在同辅音字母词根前，表示 一再 等加强意,"n.英亩,地产,大片田地"
29,activate,ac 加在同辅音字母词根前，表示 一再 等加强意,"vt.刺激,使活动;vi.有活力"
30,activity,ac 加在同辅音字母词根前，表示 一再 等加强意,"n.活跃,活动性,行动,行为,[核]放射性"
31,adapt,ad 加在同辅音字母词根前，表示 一再 等加强意,"vt.使适应,改编"
32,addict,"ad 加在单词或词根前, 表示 做....., 加强......","vt.使沉溺,使上瘾;n.入迷的人,有瘾的人"
33,additional,ad 加在同辅音字母词根前，表示 一再 等加强意,"adj.另外的,附加的,额外的"
34,adequate,"ad 加在单词或词根前, 表示 做....., 加强......","adj.适当的,足够的"
35,adjacent,ad 加在同辅音字母词根前，表示 一再 等加强意,"adj.邻近的,接近的"
36,adjoin,"ad 加在单词或词根前, 表示 做....., 加强......","v.邻接,毗连"
37,administration,ad 加在同辅音字母词根前，表示 一再 等加强意,"n.管理,经营,行政部门"
38,admire,"ad 加在单词或词根前, 表示 做....., 加强......","v.赞美,钦佩,羡慕"
39,admit,ad 加在同辅音字母词根前，表示 一再 等加强意,"v.容许,承认,接纳"
40,adolescent,"ad 加在单词或词根前, 表示 做....., 加强......","adj.青春期的,青春的;n.青少年"
41,adore,ad 加在同辅音字母词根前，表示 一再 等加强意,"v.崇拜,爱慕,(口语)喜爱"
42,adult,"ad 加在单词或词根前, 表示 做....., 加强......","n.成人,成年人;adj.成人的,成熟的"
43,advantage,ad 加在同辅音字母词根前，表示 一再 等加强意,"n.优势,有利条件,利益"
44,adventure,"ad 加在单词或词根前, 表示 做....., 加强......","n.冒险,冒险的经历;v.冒险"
45,advertise,ad 加在同辅音字母词根前，表示 一再 等加强意,"v.做广告,登广告"
46,advertisement,"ad 加在单词或词根前, 表示 做....., 加强......","n.广告,做广告"
47,advocate,ad 加在同辅音字母词根前，表示 一再 等加强意,"n.提倡者,鼓吹者;vt.提倡,鼓吹"
48,affect,af 加在同辅音字母词根前，表示 一再 等加强意,"vt.影响,感动,侵袭,假装"
49,affiliate,af 加在同辅音字母词根前，表示 一再 等加强意,"v.(使...)加入,接受为会员"
50,afflict,af 加在同辅音字母词根前，表示 一再 等加强意,"vt.使痛苦,折磨"
51,afterward,af 加在同辅音字母词根前，表示 一再 等加强意,"adv.然后,后来"
52,agency,ag 加在同辅音字母词根前，表示 一再 等加强意,"n.代理处,行销处,代理,中介"
53,agent,ag 加在同辅音字母词根前，表示 一再 等加强意,n.代理(商)
54,aggregate,ag 加在同辅音字母词根前，表示 一再 等加强意,"n.合计,总计,集合体;adj.合计的,集合的,聚合的;v.聚集,集合,合计"
55,agony,ag 加在同辅音字母词根前，表示 一再 等加强意,"n.苦恼,极大的痛苦"
56,agriculture,ag 加在同辅音字母词根前，表示 一再 等加强意,"n.农业,农艺,农学"
57,analogy,ana 表示 错误，在旁边，分开,"n.类似,类推"
58,analyse,an 加在同辅音字母词根前，表示 一再 等加强意,"n.&v.分析,分解"
59,analysis,"an 在词根前, 表示 不，无","n.分析,分解"
60,anchor,an 加在同辅音字母词根前，表示 一再 等加强意,"n.锚;v.抛锚,锚定"
61,ancient,"an 在词根前, 表示 不，无","adj.远古的,旧的"
62,ankle,an 加在同辅音字母词根前，表示 一再 等加强意,n.[解]踝
63,anniversary,"an 在词根前, 表示 不，无",n.周年纪念
64,annual,an 加在同辅音字母词根前，表示 一再 等加强意,"n.一年生植物,年刊,年鉴;adj.一年一次的,每年的,一年生的"
65,anonymous,"an 在词根前, 表示 不，无",adj.匿名的
66,antique,anti 表示 反对，相反,"n.古物,古董;adj.古时的,过时的"
67,anxiety,an 加在同辅音字母词根前，表示 一再 等加强意,"n.忧虑,焦急,渴望,热望"
68,anxious,"an 在词根前, 表示 不，无","adj.观念的,担忧的,渴望的,盼望的"
69,anyway,an 加在同辅音字母词根前，表示 一再 等加强意,"adv.无论如何,总之"
70,apartment,ap 加在同辅音字母词根前，表示 一再 等加强意,"n.<美>公寓住宅,单元住宅,房间"
71,apology,apo 表示 离开，远离,"n.(为某种思想,宗教,哲学等)辩解,道歉"
72,apparatus,ap 加在同辅音字母词根前，表示 一再 等加强意,"n.器械,设备,仪器"
73,appeal,ap 加在同辅音字母词根前，表示 一再 等加强意,"n.请求,呼吁,上诉,吸引力,要求;vi.求助,诉请,要求;vt.控诉"
74,appease,ap 加在同辅音字母词根前，表示 一再 等加强意,"vt.平息,安抚,缓和,使满足"
75,appetite,ap 加在同辅音字母词根前，表示 一再 等加强意,"n.食欲,胃口,欲望,爱好"
76,applause,ap 加在同辅音字母词根前，表示 一再 等加强意,"n.鼓掌欢迎,欢呼"
77,applicable,ap 加在同辅音字母词根前，表示 一再 等加强意,"adj.可适用的,可应用的"
78,application,ap 加在同辅音字母词根前，表示 一再 等加强意,"n.请求,申请,申请表,应用,运用,施用,敷用,应用,应用程序,应用软件"
79,appoint,ap 加在同辅音字母词根前，表示 一再 等加强意,"vt.约定,指定(时间,地点),任命,委任"
80,appraisal,ap 加在同辅音字母词根前，表示 一再 等加强意,"n.评价,估价(尤指估价财产,以便征税),鉴定"
81,approach,ap 加在同辅音字母词根前，表示 一再 等加强意,"n.接近,逼近,走进,方法,步骤,途径,通路;vt.接近,动手处理;vi.靠近"
82,approval,ap 加在同辅音字母词根前，表示 一再 等加强意,"n.赞成,承认,正式批准"
83,approximate,ap 加在同辅音字母词根前，表示 一再 等加强意,"adj.近似的,大约的;v.近似,接近,接近,约计"
84,arbitrary,ar 加在同辅音字母词根前，表示 一再 等加强意,"adj.任意的,武断的,独裁的,专断的"
85,architect,ar 加在同辅音字母词根前，表示 一再 等加强意,n.建筑师
86,arena,ar 加在同辅音字母词根前，表示 一再 等加强意,"n.竞技场,舞台"
87,argument,ar 加在同辅音字母词根前，表示 一再 等加强意,"n.争论,辩论,论据,论点,～(for,against),意见"
88,arithmetic,ar 加在同辅音字母词根前，表示 一再 等加强意,"n.算术,算法"
89,arouse,ar 加在同辅音字母词根前，表示 一再 等加强意,"vt.唤醒,唤起,鼓励,引起;vi.睡醒"
90,arrangement,ar 加在同辅音字母词根前，表示 一再 等加强意,"n.排列,安排"
91,arrest,ar 加在同辅音字母词根前，表示 一再 等加强意,"vt.逮捕,拘留,吸引;n.逮捕,拘留"
92,arrogant,ar 加在同辅音字母词根前，表示 一再 等加强意,"adj.傲慢的,自大的"
93,artery,ar 加在同辅音字母词根前，表示 一再 等加强意,"n.动脉,要道"
94,artificial,ar 加在同辅音字母词根前，表示 一再 等加强意,"adj.人造的,假的,非原产地的"
95,artistic,ar 加在同辅音字母词根前，表示 一再 等加强意,"adj.艺术的,有美感的,风雅的"
96,ascend,as 加在同辅音字母词根前，表示 一再 等加强意,"v.攀登,上升"
97,ascribe,as 加在同辅音字母词根前，表示 一再 等加强意,"vt.归因于,归咎于"
98,ashamed,as 加在同辅音字母词根前，表示 一再 等加强意,"adj.惭愧的,羞耻的"
99,aspect,as 加在同辅音字母词根前，表示 一再 等加强意,"n.样子,外表,面貌,(问题等的)方面"
100,assassination,as 加在同辅音字母词根前，表示 一再 等加强意,n.暗杀
101,assemble,as 加在同辅音字母词根前，表示 一再 等加强意,"vt.集合,聚集,装配;vi.集合"
102,assert,as 加在同辅音字母词根前，表示 一再 等加强意,"v.断言,声称"
103,asset,as 加在同辅音字母词根前，表示 一再 等加强意,"n.资产,有用的东西"
104,assignment,as 加在同辅音字母词根前，表示 一再 等加强意,"n.分配,委派,任务,(课外)作业"
105,assist,as 加在同辅音字母词根前，表示 一再 等加强意,"v.援助,帮助"
106,assistant,as 加在同辅音字母词根前，表示 一再 等加强意,"n.助手,助教;adj.辅助的,助理的"
107,association,as 加在同辅音字母词根前，表示 一再 等加强意,"n.协会,联合,结交,联想"
108,assumption,as 加在同辅音字母词根前，表示 一再 等加强意,"n.假定,设想,担任,承当,假装,作态"
109,assure,as 加在同辅音字母词根前，表示 一再 等加强意,"vt.断然地说,确告,保证,担保"
110,athlete,at 加在同辅音字母词根前，表示 一再 等加强意,"n.运动员,运动选手"
111,atmosphere,at 加在同辅音字母词根前，表示 一再 等加强意,"n.大气,空气,气氛"
112,attach,at 加在同辅音字母词根前，表示 一再 等加强意,"vt.缚上,系上,贴上;v.配属,隶属于"
113,attain,at 加在同辅音字母词根前，表示 一再 等加强意,"vt.达到,获得;v.达到"
114,attendant,at 加在同辅音字母词根前，表示 一再 等加强意,n.服务员
115,attorney,at 加在同辅音字母词根前，表示 一再 等加强意,"n.<美>律师,(业务或法律事务上的)代理人"
116,attraction,at 加在同辅音字母词根前，表示 一再 等加强意,"n.吸引,吸引力,吸引人的事物"
117,attribute,at 加在同辅音字母词根前，表示 一再 等加强意,"n.属性,品质,特征,加于,归结于"
118,auto,auto 表示 自动、自已,n.<美口>汽车
119,automobile,auto 表示 自动、自已,"n.<主美>汽车(=<英>motorcar,car)"
120,autonomy,auto 表示 自动、自已,n.自治
121,beam,be 构成动词，表示 使......成为,"n.梁,桁条,(光线的)束,柱,电波,横梁;v.播送"
122,bean,be 构成一些介词,"n.豆,豆形果实"
123,bearing,be 构成动词，表示 使......成为,"n.轴承,关系,方面,意义,方向,方位"
124,beast,be 构成一些介词,"n.兽,畜牲,人面兽心的人"
125,beggar,be 构成动词，表示 使......成为,n.乞丐
126,behalf,be 构成一些介词,"n.为,利益"
127,behavior,be 构成动词，表示 使......成为,"n.举止,行为"
128,being,be 构成一些介词,"n.存在,生命,人,本质;art.在,有,是"
129,belly,be 构成动词，表示 使......成为,"n.腹部,胃;vi.涨满"
130,beloved,be 构成一些介词,"adj.心爱的;n.所爱的人,爱人"
131,beneficial,"bene 表示 善, 好","adj.有益的,受益的,[法律]有使用权的;adj.有益的,得利的,[律]有使用权的"
132,benefit,be 构成动词，表示 使......成为,"n.利益,好处;vt.有益于,有助于;vi.受益"
133,besides,be 构成一些介词,adv.此外;prep.除...之外
134,betray,be 构成动词，表示 使......成为,"vt.出卖,背叛,泄露(秘密),露出...迹象"
135,bewilder,be 构成一些介词,"vt.使迷惑,使不知所措,使昏乱"
136,bibliography,"bi 表示 二个, 两","n.(有关一个题目或一个人的)书目,参考书目"
137,billion,"bi 表示 二个, 两",n.&adj.十亿(的)
138,biography,"bi 表示 二个, 两",n.传记
139,bizarre,"bi 表示 二个, 两","adj.奇异的(指态度,容貌,款式等)"
140,bypass,by 表示 在旁边，副的,"n.旁路;vt.设旁路,迂回"
141,catalog,cata 表示 向下，相反，离开,"n.目录,目录册;v.编目录"
142,catastrophe,cata 表示 向下，相反，离开,"n.大灾难,大祸"
143,circumstance,circum 表示 环绕，周围,"n.环境,详情,境况"
144,coach,co 表示 共同 ，通常放元音词根前,"n.四轮大马车,长途汽车,教练;v.训练,指导"
145,coarse,co 表示 共同 ，通常放元音词根前,"adj.粗糙的,粗鄙的"
146,cocktail,co 表示 共同 ，通常放元音词根前,"n.鸡尾酒,(第一道用杯盛的)开味食品;adj.鸡尾酒的"
147,coherent,co 表示 共同 ，通常放元音词根前,"adj.粘在一起的,一致的,连贯的"
148,coincide,co 表示 共同 ，通常放元音词根前,"vi.一致,符合"
149,collaboration,"col 在同辅音词根前, 表示 共同","n.协作,通敌"
150,collapse,co 表示 共同 ，通常放元音词根前,"n.倒塌,崩溃,失败,虚脱;vi.倒塌,崩溃,瓦解,失败,病倒"
151,collection,"col 在同辅音词根前, 表示 共同","n.收藏,征收,搜集品,捐款"
152,collective,co 表示 共同 ，通常放元音词根前,adj.集体的;n.集体
153,collision,"col 在同辅音词根前, 表示 共同","n.碰撞,冲突"
154,colonial,co 表示 共同 ，通常放元音词根前,"adj.殖民的,殖民地的n.殖民地居民"
155,column,"col 在同辅音词根前, 表示 共同","n.圆柱,柱壮物,专栏,纵队"
156,comb,com 表示 共同,"n.梳子,梳,鸡冠,蜂巢;vi.梳(发),搜索"
157,combat,co 表示 共同 ，通常放元音词根前,"n.战斗,格斗;v.战斗,搏斗,抗击"
158,combine,com 表示 共同,"v.(使)联合,(使)结合;n.联合企业,联合收割机;n.联合收割机"
159,comedy,co 表示 共同 ，通常放元音词根前,"n.喜剧,喜剧性的事情"
160,comic,com 表示 共同,"n.滑稽演员;adj.滑稽的,喜剧的"
161,command,co 表示 共同 ，通常放元音词根前,"n.命令,掌握,司令部;v.命令,指挥,克制,支配,博得,俯临"
162,commemorate,com 表示 共同,vt.纪念
163,commence,co 表示 共同 ，通常放元音词根前,"v.开始,着手"
164,comment,com 表示 共同,"n.注释,评论,意见;vi.注释,评论"
165,commentary,co 表示 共同 ，通常放元音词根前,"n.注释,解说词"
166,commercial,com 表示 共同,"adj.商业的,贸易的"
167,commission,co 表示 共同 ，通常放元音词根前,"n.委任,委托,代办(权),代理(权),犯(罪),佣金;vt.委任,任命,委托,委托制作,使服役"
168,commitment,com 表示 共同,"n.委托事项,许诺,承担义务"
169,committee,co 表示 共同 ，通常放元音词根前,n.委员会
170,commonplace,com 表示 共同,"n.平凡的事,平常话;adj.平凡的"
171,commonwealth,co 表示 共同 ，通常放元音词根前,"n.国民整体,共和国,联邦"
172,communication,com 表示 共同,"n.传达,信息,交通,通讯"
173,community,co 表示 共同 ，通常放元音词根前,"n.公社,团体,社会,(政治)共同体,共有,一致,共同体,(生物)群落"
174,compact,com 表示 共同,"adj.紧凑的,紧密的,简洁的;n.契约,合同,小粉盒"
175,companion,co 表示 共同 ，通常放元音词根前,"n.同伴,共事者"
176,comparative,com 表示 共同,"adj.比较的,相当的"
177,compare,co 表示 共同 ，通常放元音词根前,"v.比较,相比,比喻n.比较"
178,compartment,com 表示 共同,"n.间隔间,车厢"
179,compass,co 表示 共同 ，通常放元音词根前,"n.罗盘,指南针,圆规;v.包围"
180,compel,com 表示 共同,"vt.强迫,迫使"
181,compensate,co 表示 共同 ，通常放元音词根前,"v.偿还,补偿,付报酬"
182,competence,com 表示 共同,n.能力
183,competent,co 表示 共同 ，通常放元音词根前,"adj.有能力的,胜任的"
184,competitive,com 表示 共同,adj.竞争的
185,compile,co 表示 共同 ，通常放元音词根前,"vt.编译,编辑,汇编"
186,complaint,com 表示 共同,"n.诉苦,抱怨,牢骚,委屈,疾病"
187,complement,co 表示 共同 ，通常放元音词根前,"n.补足物,[文法]补语,[数]余角;vt.补助,补足"
188,complexion,com 表示 共同,"n.面色,肤色,情况,局面"
189,complicated,co 表示 共同 ，通常放元音词根前,"adj.复杂的,难解的"
190,compliment,com 表示 共同,"n.称赞,恭维,致意,问候,道贺;vt.称赞,褒扬,恭维"
191,comply,co 表示 共同 ，通常放元音词根前,"vi.顺从,答应,遵守"
192,compose,com 表示 共同,"v.组成,写作,排字,(使)安定,调解"
193,composite,co 表示 共同 ，通常放元音词根前,"adj.合成的,复合的;n.合成物"
194,comprehension,com 表示 共同,"n.理解,包含"
195,comprehensive,co 表示 共同 ，通常放元音词根前,"adj.全面的,广泛的,能充分理解的,包容的"
196,comprise,com 表示 共同,"v.包含,由...组成"
197,compromise,co 表示 共同 ，通常放元音词根前,"n.妥协,折衷;v.妥协,折衷,危及...的安全"
198,compute,com 表示 共同,"v.计算,估计,用计算机计算(或确定)"
199,conceal,con 表示 共同,"vt.隐藏,隐蔽,隐瞒;v.隐蔽"
200,concede,co 表示 共同 ，通常放元音词根前,"vt.勉强,承认,退让;vi.让步"
201,concentrate,con 表示 共同,"v.集中,浓缩"
202,concentration,co 表示 共同 ，通常放元音词根前,"n.集中,集合,专心,浓缩,浓度"
203,conception,con 表示 共同,"n.观念,概念"
204,concern,co 表示 共同 ，通常放元音词根前,"vt.涉及,关系到;n.(利害)关系,关心,关注,关注,所关心的是"
205,concession,con 表示 共同,n.让步
206,concise,co 表示 共同 ，通常放元音词根前,"adj.简明的,简练的"
207,conclusion,con 表示 共同,"n.结束,缔结,结论"
208,concrete,co 表示 共同 ，通常放元音词根前,"adj.具体的,有形的;n.混凝土;v.用混凝土修筑,浇混凝土,凝结"
209,condense,con 表示 共同,"v.(使)浓缩,精简"
210,condition,co 表示 共同 ，通常放元音词根前,"n.条件,情形,环境,社会地位;vt.以...为条件,使达到要求的情况"
211,conductor,con 表示 共同,"n.领导者,经理,指挥管弦乐队、合唱队的,(市内有轨电车或公共汽车)售票员,<美>列车长"
212,confer,co 表示 共同 ，通常放元音词根前,"vt.授予(称号、学位等),赠与,把...赠与,协议;v.协商,交换意见"
213,confess,con 表示 共同,"v.承认,坦白,忏悔"
214,confidence,co 表示 共同 ，通常放元音词根前,n.信心
215,confidential,con 表示 共同,"adj.秘密的,机密的"
216,configuration,co 表示 共同 ，通常放元音词根前,"n.构造,结构,配置,外形"
217,confirm,con 表示 共同,"vt.确定,批准,使巩固,使有效;v.确认,(基督教中)给...行按手礼"
218,conflict,co 表示 共同 ，通常放元音词根前,"n.斗争,冲突;vi.抵触,冲突"
219,confront,con 表示 共同,"vt.使面临,对抗"
220,confuse,co 表示 共同 ，通常放元音词根前,"vt.搞乱,使糊涂"
221,congratulate,con 表示 共同,"vt.祝贺,庆贺,恭喜"
222,congratulation,co 表示 共同 ，通常放元音词根前,"n.祝词,贺辞"
223,conjunction,con 表示 共同,"n.联合,关联,连接词"
224,connect,co 表示 共同 ，通常放元音词根前,"v.连接,联合,关连"
225,connexion,con 表示 共同,"n.联系,连结"
226,conquer,co 表示 共同 ，通常放元音词根前,"vt.征服,战胜,占领,克服(困难等),破(坏习惯等)"
227,conscience,con 表示 共同,"n.良心,道德心"
228,conscientious,co 表示 共同 ，通常放元音词根前,adj.尽责的
229,consecutive,con 表示 共同,"adj.连续的,联贯的"
230,consensus,co 表示 共同 ，通常放元音词根前,"n.一致同意,多数人的意见,舆论"
231,consequence,con 表示 共同,"n.结果,[逻]推理,推论,因果关系,重要的地位"
232,consequent,co 表示 共同 ，通常放元音词根前,"adj.作为结果的,随之发生的"
233,conservation,con 表示 共同,"n.保存,保持,守恒"
234,conservative,co 表示 共同 ，通常放元音词根前,"adj.保守的,守旧的;n.保守派"
235,considerable,con 表示 共同,"adj.相当大(或多)的,值得考虑的,相当可观的"
236,considerate,co 表示 共同 ，通常放元音词根前,adj.考虑周到的
237,consist,con 表示 共同,"vi.由...组成,在于,一致"
238,consistent,co 表示 共同 ，通常放元音词根前,"adj.一致的,调和的,坚固的,[数、统]相容的"
239,consolidate,con 表示 共同,v.巩固
240,conspicuous,co 表示 共同 ，通常放元音词根前,adj.显著的
241,constituent,con 表示 共同,"n.委托人,要素;adj.有选举权的；有宪法制定［修改］权的"
242,constitute,co 表示 共同 ，通常放元音词根前,"vt.制定(法律),建立(政府),组成,任命"
243,constrain,con 表示 共同,"vt.强迫,抑制,拘束"
244,construct,co 表示 共同 ，通常放元音词根前,"vt.建造,构造,创立"
245,consult,con 表示 共同,"v.商量,商议,请教,参考,考虑"
246,consultant,co 表示 共同 ，通常放元音词根前,"n.顾问,商议者,咨询者"
247,consumer,con 表示 共同,n.消费者
248,consumption,co 表示 共同 ，通常放元音词根前,"n.消费,消费量,肺病"
249,container,con 表示 共同,"n.容器(箱,盆,罐,壶,桶,坛子),集装箱"
250,contaminate,co 表示 共同 ，通常放元音词根前,v.污染
251,contemporary,con 表示 共同,"n.同时代的人;adj.当代的,同时代的"
252,contempt,co 表示 共同 ，通常放元音词根前,"n.轻视,轻蔑,耻辱,不尊敬,[律]藐视法庭(或国会)"
253,contention,con 表示 共同,"n.争夺,争论,争辩,论点"
254,contest,co 表示 共同 ，通常放元音词根前,"n.论争,竞赛;v.,争论,争辩,竞赛,争夺"
255,continuity,con 表示 共同,"n.连续性,连贯性"
256,continuous,co 表示 共同 ，通常放元音词根前,"adj.连续的,持续的"
257,contradict,contra 表示 反对，相反,"vt.同...矛盾,同...抵触"
258,contradiction,con 表示 共同,"n.反驳,矛盾"
259,contrary,co 表示 共同 ，通常放元音词根前,"adj.相反的,逆的,<口语>执拗;n.反面;adv.相反地"
260,contribute,con 表示 共同,"v.捐助,捐献,贡献,投稿"
261,contribution,co 表示 共同 ，通常放元音词根前,"n.捐献,贡献,投稿"
262,controversial,con 表示 共同,"adj.争论的,争议的"
263,controversy,co 表示 共同 ，通常放元音词根前,"n.论争,辩论,论战"
264,convenience,con 表示 共同,"n.便利,方便,有益,有用的,方便的用具、机械、安排等"
265,convention,co 表示 共同 ，通常放元音词根前,"n.大会,协定,习俗,惯例"
266,converge,con 表示 共同,"v.聚合,集中于一点;vt.会聚"
267,conversely,co 表示 共同 ，通常放元音词根前,"adv.倒地,逆地"
268,convert,con 表示 共同,"n.皈依者;vt.使转变,转换...,使...改变信仰"
269,convey,co 表示 共同 ，通常放元音词根前,"vt.搬运,传达,转让"
270,conviction,con 表示 共同,"n.深信,确信,定罪,宣告有罪"
271,convince,co 表示 共同 ，通常放元音词根前,"vt.使确信,使信服"
272,cooperative,co 表示 共同 ，通常放元音词根前,"adj.合作的,协力的"
273,cop,co 表示 共同 ，通常放元音词根前,"n.警官,巡警,[纺]管纱;vt.抓住"
274,copper,co 表示 共同 ，通常放元音词根前,"n.铜,警察"
275,cord,"cor 在同辅音词根前, 表示 共同","n.绳索,束缚"
276,cordial,co 表示 共同 ，通常放元音词根前,"n.兴奋剂,兴奋性饮料;adj.热忱的,诚恳的,兴奋的"
277,cork,"cor 在同辅音词根前, 表示 共同","n.软木塞,软木,(用塞子)塞住"
278,corporate,co 表示 共同 ，通常放元音词根前,"adj.社团的,法人的,共同的,全体的"
279,corps,"cor 在同辅音词根前, 表示 共同","n.军团,兵队,团,兵种,技术兵种,特殊兵种,(德国大学的)学生联合会"
280,corpse,co 表示 共同 ，通常放元音词根前,n.尸体
281,correspond,"cor 在同辅音词根前, 表示 共同","vi.符合,协调,通信,相当,相应"
282,correspondence,co 表示 共同 ，通常放元音词根前,"n.相应,通信,信件"
283,corresponding,"cor 在同辅音词根前, 表示 共同","adj.相应的,通讯的"
284,corridor,co 表示 共同 ，通常放元音词根前,n.走廊
285,corrupt,"cor 在同辅音词根前, 表示 共同","adj.腐败的,贪污的,被破坏的,混浊的,(语法)误用的;vt.使腐烂,腐蚀,使恶化;vi.腐烂,堕落"
286,costly,co 表示 共同 ，通常放元音词根前,"adj.昂贵的,贵重的"
287,council,co 表示 共同 ，通常放元音词根前,"n.政务会,理事会,委员会,参议会,讨论会议,顾问班子,立法班子"
288,counter,counter 表示 反对，相反,"n.计算器,计数器,计算者,柜台,筹码;adv.prep.相反地"
289,counterpart,co 表示 共同 ，通常放元音词根前,"n.副本,极相似的人或物,配对物"
290,coupon,co 表示 共同 ，通常放元音词根前,"n.息票,商家的优待券"
291,courtesy,co 表示 共同 ，通常放元音词根前,"n.谦恭,允许,礼貌"
292,coverage,co 表示 共同 ，通常放元音词根前,n.覆盖
293,cozy,co 表示 共同 ，通常放元音词根前,"adj.舒适的,安逸的,惬意的"
294,deadline,de 表示 去掉，变坏，离开，变慢，向下 等,n.最终期限
295,deadly,de 表示 使....成为， 加强 等,"adj.致命的,势不两立的,死一般的,极度的,必定的"
296,dean,de 表示 去掉，变坏，离开，变慢，向下 等,"n.(大学)院长,主持牧师,(基督教)教长"
297,debate,de 表示 使....成为， 加强 等,"v.争论,辩论;n.争论,辩论"
298,decade,deca 表示 十,"n.十年,十"
299,decay,de 表示 去掉，变坏，离开，变慢，向下 等,"vi.&n.腐朽,腐烂,衰减,衰退;v.衰落"
300,deceive,de 表示 使....成为， 加强 等,"v.欺骗,行骗"
301,decimal,deci 表示 十分之一,"adj.十进的,小数的,以十为基础的,十进制;n.小数"
302,decisive,de 表示 去掉，变坏，离开，变慢，向下 等,adj.决定性的
303,deck,de 表示 使....成为， 加强 等,"n.甲板,舰板,覆盖物,一副(纸牌);vt.装饰,修饰,打扮,装甲板"
304,decline,de 表示 去掉，变坏，离开，变慢，向下 等,"vi.下倾,下降,下垂;v.拒绝,衰落;n.下倾,下降,下垂,斜面,斜坡,衰败,衰落"
305,decorate,de 表示 使....成为， 加强 等,"v.装饰,为...做室内装修"
306,decree,de 表示 去掉，变坏，离开，变慢，向下 等,"n.法令,政令,教令,天命,判决;v.颁布"
307,dedicate,de 表示 使....成为， 加强 等,"vt.献(身),致力,题献(一部著作给某人)"
308,deduct,de 表示 去掉，变坏，离开，变慢，向下 等,"vt.扣除,演绎"
309,deem,de 表示 使....成为， 加强 等,"v.认为,相信"
310,defeat,de 表示 去掉，变坏，离开，变慢，向下 等,"n.击败,战胜,失败;vt.击败,战胜,使失败,挫折;v.击败"
311,defect,de 表示 使....成为， 加强 等,"n.过失,缺点"
312,defiance,de 表示 去掉，变坏，离开，变慢，向下 等,"n.挑战,蔑视,挑衅"
313,deficiency,de 表示 使....成为， 加强 等,"n.缺乏,不足"
314,define,de 表示 去掉，变坏，离开，变慢，向下 等,"vt.定义,详细说明"
315,definite,de 表示 使....成为， 加强 等,"adj.明确的,一定的"
316,definition,de 表示 去掉，变坏，离开，变慢，向下 等,"n.定义,解说,精确度,(轮廓影像等的)清晰度"
317,definitive,de 表示 使....成为， 加强 等,"adj.最后的,确定的,权威性的"
318,degenerate,de 表示 去掉，变坏，离开，变慢，向下 等,adj.退化的;v.退化
319,degrade,de 表示 使....成为， 加强 等,"v.(使)降级,(使)堕落,(使)退化"
320,delete,de 表示 去掉，变坏，离开，变慢，向下 等,vt.删除
321,deliberate,de 表示 使....成为， 加强 等,"adj.深思熟虑的,故意的,预有准备的;v.商讨"
322,delicious,de 表示 去掉，变坏，离开，变慢，向下 等,adj.美味的
323,delivery,de 表示 使....成为， 加强 等,"n.递送,交付,分娩,交货,引渡;n.[律]财产等的正式移交,发送,传输"
324,democracy,de 表示 去掉，变坏，离开，变慢，向下 等,"n.民主政治,民主主义"
325,democratic,de 表示 使....成为， 加强 等,"adj.民主的,民主主义的,民主政体的,平民的"
326,denial,de 表示 去掉，变坏，离开，变慢，向下 等,"n.否认,否定,谢绝,拒绝"
327,denote,de 表示 使....成为， 加强 等,"vt.指示,表示"
328,dense,de 表示 去掉，变坏，离开，变慢，向下 等,"adj.密集的,浓厚的"
329,density,de 表示 使....成为， 加强 等,n.密度
330,dentist,de 表示 去掉，变坏，离开，变慢，向下 等,n.牙科医生
331,deny,de 表示 使....成为， 加强 等,"v.否认,拒绝"
332,departure,de 表示 去掉，变坏，离开，变慢，向下 等,"n.启程,出发,离开"
333,dependent,de 表示 使....成为， 加强 等,"adj.依靠的,依赖的,由...决定的,随...而定的"
334,deport,de 表示 去掉，变坏，离开，变慢，向下 等,"vt.举止,驱逐"
335,deposit,de 表示 使....成为， 加强 等,"n.堆积物,沉淀物,存款,押金,保证金,存放物;vt.存放,堆积;vi.沉淀"
336,depression,de 表示 去掉，变坏，离开，变慢，向下 等,"n.沮丧,消沉,低气压,低压"
337,deprive,de 表示 使....成为， 加强 等,"vt.剥夺,使丧失"
338,derive,de 表示 去掉，变坏，离开，变慢，向下 等,vt.得自;vi.起源
339,descend,de 表示 使....成为， 加强 等,"vi.下来,下降,遗传(指财产,气质,权利),突击,出其不意的拜访;v.下去"
340,descent,de 表示 去掉，变坏，离开，变慢，向下 等,"n.降下,降落,世系,血统,侵袭"
341,describe,de 表示 使....成为， 加强 等,"vt.描写,记述,形容,形容;v.描述"
342,design,de 表示 去掉，变坏，离开，变慢，向下 等,"n.设计,图案,花样,企图,图谋,(小说等的)构思,纲要;v.设计,计划,谋划,构思"
343,designate,de 表示 使....成为， 加强 等,"vt.指明,指出,任命,指派;v.指定,指派"
344,desire,de 表示 去掉，变坏，离开，变慢，向下 等,"vt.想望,期望,希望,请求(官方丈礼);n.愿望,心愿,要求;v.要求"
345,despair,de 表示 使....成为， 加强 等,"n.绝望,失望,令人失望的人(事物);vi.绝望"
346,despise,de 表示 去掉，变坏，离开，变慢，向下 等,vt.轻视
347,despite,de 表示 使....成为， 加强 等,"prep.不管,尽管,不论"
348,destination,de 表示 去掉，变坏，离开，变慢，向下 等,"n.目的地,[计]目的文件,目的单元格"
349,destined,de 表示 使....成为， 加强 等,adj.去往…的
350,destruction,de 表示 去掉，变坏，离开，变慢，向下 等,"n.破坏,毁灭"
351,destructive,de 表示 使....成为， 加强 等,adj.破坏(性)的
352,detail,de 表示 去掉，变坏，离开，变慢，向下 等,"n.细节,详情;vt.详述,细说;"
353,detain,de 表示 使....成为， 加强 等,"v.拘留,留住,阻止"
354,detection,de 表示 去掉，变坏，离开，变慢，向下 等,"n.察觉,发觉,侦查,探测,发现"
355,detective,de 表示 使....成为， 加强 等,n.侦探;adj.侦探的
356,determination,de 表示 去掉，变坏，离开，变慢，向下 等,"n.决心,果断"
357,determine,de 表示 使....成为， 加强 等,"v.决定,确定,测定,使下定决心,[律]使终止"
358,device,de 表示 去掉，变坏，离开，变慢，向下 等,"n.装置,设计,图案,策略,发明物,设备;[计]安装设备驱动程序"
359,devil,de 表示 使....成为， 加强 等,"n.魔鬼,恶棍"
360,devote,de 表示 去掉，变坏，离开，变慢，向下 等,"vt.投入于,献身"
361,diagram,dia 表示 穿过，二者之间,n.图表
362,dialect,di 表示 使...变成，分开，离开,"n.方言,语调"
363,diameter,di 表示 二个，双,n.直径
364,dictation,di 表示 使...变成，分开，离开,"n.听写,口述"
365,differ,di 表示 二个，双,"vi.不一致,不同"
366,diffuse,dif 和辅音重复表示 不，否定，分开,"n.分类,摘要;vi.消化;vt.消化,融会贯通"
367,digest,di 表示 使...变成，分开，离开,"v.散播,传播,漫射,扩散,(使)慢慢混合;adj.散开的,弥漫的"
368,digital,di 表示 二个，双,"adj.数字的,数位的,手指的;n.数字,数字式"
369,dilemma,di 表示 使...变成，分开，离开,"n.进退两难的局面,困难的选择"
370,diligent,di 表示 二个，双,"adj.勤勉的,用功的,细心而继续不断的"
371,dim,di 表示 使...变成，分开，离开,"adj.暗淡的,模糊的,无光泽的,悲观的,怀疑的;vt.使暗淡,使失去光泽;n.<美俚>笨蛋、傻子"
372,dimension,di 表示 二个，双,"n.尺寸,尺度,维(数),度(数),元"
373,dine,di 表示 使...变成，分开，离开,"vi.吃饭,进餐"
374,dip,di 表示 二个，双,"v.浸,蘸,沾"
375,diplomat,di 表示 使...变成，分开，离开,"n.外交官,有外交手腕的人,有权谋的人"
376,diplomatic,di 表示 二个，双,"adj.外交的,老练的"
377,directory,di 表示 使...变成，分开，离开,"n.姓名地址录,目录"
378,dirt,di 表示 二个，双,"n.污垢,泥土"
379,disappear,dis 表示 不，消失掉,"vi.消失,不见"
380,disaster,dis 表示 分开，分离,"n.灾难,天灾,灾祸"
381,disastrous,di 表示 使...变成，分开，离开,"adj.损失惨重的,悲伤的"
382,discard,di 表示 二个，双,"vt.丢弃,抛弃;v.放弃"
383,discharge,dis 表示 不，消失掉,"vt.卸下,放出,清偿(债务),履行(义务),解雇,开(炮),放(枪),射(箭);vi.卸货,流注;n.卸货,流出,放电"
384,discipline,dis 表示 分开，分离,"n.纪律,学科;v.训练"
385,disclose,di 表示 使...变成，分开，离开,"vt.揭露,透露"
386,discount,di 表示 二个，双,n.折扣
387,discreet,dis 表示 不，消失掉,"adj.小心的,慎重的,有思虑的,贤明的"
388,discrepancy,dis 表示 分开，分离,"n.相差,差异,矛盾"
389,discrete,di 表示 使...变成，分开，离开,"adj.不连续的,离散的"
390,discriminate,di 表示 二个，双,"v.歧视,区别,区别待遇"
391,disguise,dis 表示 不，消失掉,"v.假装,伪装,掩饰;n.伪装"
392,disgust,dis 表示 分开，分离,"n.厌恶,嫌恶;vi.令人厌恶,令人反感;vt.使作呕"
393,dismay,di 表示 使...变成，分开，离开,"n.沮丧,惊慌;v.使沮丧,使惊慌"
394,dismiss,di 表示 二个，双,"vt.解散,下课,开除,解职,使(或让)离开;vi.解散"
395,dispatch,dis 表示 不，消失掉,"vt.分派,派遣;n.派遣,急件"
396,disperse,dis 表示 分开，分离,"v.(使)分散,(使)散开,疏散"
397,displace,di 表示 使...变成，分开，离开,"vt.移置,转移,取代,置换;v.转移"
398,display,di 表示 二个，双,"vt.陈列,展览,显示;n.陈列,展览,显示,显示器"
399,dispose,dis 表示 不，消失掉,"v.处理,处置,部署;vt.布置,安排,除去,使愿意"
400,disposition,dis 表示 分开，分离,n.部署
401,dispute,di 表示 使...变成，分开，离开,"v.争论,辩论,怀疑,抗拒,阻止,争夺(土地,胜利等);n.争论,辩论,争吵"
402,disregard,di 表示 二个，双,"v.不理漠视;n.漠视,忽视"
403,dissipate,dis 表示 不，消失掉,"v.驱散,(使)(云、雾、疑虑等)消散,浪费(金钱或时间)"
404,dissolve,dis 表示 分开，分离,"v.溶解,解散"
405,distill,di 表示 使...变成，分开，离开,"vt.蒸馏,提取;vi.滴下"
406,distinct,di 表示 二个，双,"adj.清楚的,明显的,截然不同的,独特的"
407,distinguish,dis 表示 不，消失掉,"v.区别,辨别"
408,distort,dis 表示 分开，分离,"vt.弄歪(嘴脸等),扭曲,歪曲(真理、事实等),误报"
409,distract,di 表示 使...变成，分开，离开,v.转移
410,distress,di 表示 二个，双,"n.悲痛,穷困,不幸,危难,忧伤;v.使悲痛,使穷困,使忧伤"
411,distribution,dis 表示 不，消失掉,"n.分配,分发,配给物,销售,法院对无遗嘱死亡者财产的分配,分布状态,区分,分类,发送,发行"
412,disturb,dis 表示 分开，分离,"vt.弄乱,打乱,打扰,扰乱;v.扰乱"
413,disturbance,di 表示 使...变成，分开，离开,"n.骚动,动乱,打扰,干扰,骚乱,搅动"
414,ditch,di 表示 二个，双,"n.沟,沟渠,壕沟"
415,diverse,di 表示 使...变成，分开，离开,"adj.不同的,变化多的"
416,diversion,di 表示 二个，双,"n.转移,转换,牵制,解闷,娱乐"
417,divide,di 表示 使...变成，分开，离开,"v.分,划分,分开,隔开"
418,divine,di 表示 二个，双,"adj.神的,神圣的,非凡的,超人的,非常可爱的;n.牧师"
419,divorce,di 表示 使...变成，分开，离开,"n.离婚,脱离;vt.使离婚,与...脱离"
420,dizzy,di 表示 二个，双,"adj.(指人)晕眩的,昏乱的,(指地点,情况)使人晕眩的"
421,eagle,e 表示 出，出来,"n.鹰,鹰状标饰"
422,earthquake,e 表示 出，出来,"n.地震,[喻]在震荡,在变动"
423,eccentric,e 表示 出，出来,adj.古怪;n.行为古怪的人
424,eclipse,e 表示 出，出来,"n.食,日蚀,月蚀,蒙蔽,衰落;vt.引起日蚀,引起月蚀,超越,使黯然失色"
425,economic,e 表示 出，出来,"adj.经济(上)的,产供销的,经济学的"
426,economy,e 表示 出，出来,"n.经济,节约,节约措施,经济实惠,系统,机体,经济制度的状况"
427,edition,e 表示 出，出来,"n.版本,版"
428,editorial,e 表示 出，出来,"n.社论;adj.编辑上的,主笔的,社论的"
429,effective,ef 表示 出，出来,"adj.有效的,被实施的,给人深刻印象,有生力量"
430,efficiency,e 表示 出，出来,"n.效率,功效"
431,effort,ef 表示 出，出来,"n.努力,成就"
432,ego,e 表示 出，出来,"n.自我,利已主义,自负"
433,elaborate,e 表示 出，出来,"adj.精心制作的,详细阐述的,精细;vt.精心制作,详细阐述;v.详细描述"
434,elastic,e 表示 出，出来,adj.弹性的
435,elderly,e 表示 出，出来,"adj.过了中年的,稍老的"
436,election,e 表示 出，出来,"n.选举,当选,选择权,[宗]上帝的选拔"
437,electrical,e 表示 出，出来,"adj.电的,有关电的"
438,electricity,e 表示 出，出来,"n.电流,电,电学"
439,electronic,e 表示 出，出来,adj.电子的
440,element,e 表示 出，出来,"n.要素,元素,成分,元件,自然环境"
441,elevate,e 表示 出，出来,"vt.举起,提拔,振奋,提升...的职位"
442,elicit,e 表示 出，出来,"vt.得出,引出,抽出,引起"
443,eliminate,e 表示 出，出来,"vt.排除,消除;v.除去"
444,eloquent,e 表示 出，出来,"adj.雄辩的,有口才的,动人的,意味深长的"
445,embark,em 表示 进入... 之中，包围,"v.上船,上飞机,着手,从事,装于船上,登上"
446,embarrass,em 表示 使..... 进入状态,"vt.使困窘,使局促不安,阻碍,麻烦"
447,embassy,e 表示 出，出来,"n.大使及其随员,大使的派遣,大使馆"
448,embody,em 表示 进入... 之中，包围,"vt.具体表达,使具体化,包含,收录"
449,embrace,em 表示 使..... 进入状态,"vt.拥抱,互相拥抱,包含,收买,信奉;vi.拥抱;n.拥抱"
450,emerge,e 表示 出，出来,"vi.显现,浮现,暴露,形成,(由某种状态)脱出,(事实)显现出来"
451,emit,em 表示 进入... 之中，包围,"vt.发出,放射,吐露,散发,发表,发行"
452,emotion,em 表示 使..... 进入状态,"n.情绪,情感,感情"
453,emotional,e 表示 出，出来,"adj.情绪的,情感的"
454,emphasis,em 表示 进入... 之中，包围,"n.强调,重点"
455,emphasize,em 表示 使..... 进入状态,"vt.强调,着重;v.强调"
456,empire,e 表示 出，出来,"n.帝国,帝权"
457,employee,em 表示 进入... 之中，包围,"n.职工,雇员,店员"
458,employer,em 表示 使..... 进入状态,"n.雇主,老板"
459,employment,e 表示 出，出来,"n.雇用,使用,利用,工作,职业"
460,enclose,en 表示 进入... 之中，包围,"vt.放入封套,装入,围绕"
461,enclosure,en 表示 使..... 进入状态,"n.围住,围栏,四周有篱笆或围墙的场地"
462,encounter,e 表示 出，出来,"v.遭遇,遇到,相遇;n.遭遇,遭遇战"
463,endeavor,en 表示 进入... 之中，包围,"n.努力,尽力;vi.尽力,努力"
464,ending,en 表示 使..... 进入状态,"n.结尾,结局"
465,endless,e 表示 出，出来,"adj.无止境的,无穷的"
466,endurance,en 表示 进入... 之中，包围,"n.忍耐(力),持久(力),耐久(性)"
467,endure,en 表示 使..... 进入状态,"v.耐久,忍耐"
468,energetic,e 表示 出，出来,"adj.精力充沛的,积极的"
469,engage,en 表示 进入... 之中，包围,"vt.使忙碌,雇佣,预定,使从事于,使参加;vi.答应,从事,交战,[机]接合,啮合"
470,engagement,en 表示 使..... 进入状态,"n.约会,婚约,诺言,交战,接站,雇拥,[机]接合"
471,engine,e 表示 出，出来,"n.发动机,机车,火车头"
472,enhance,en 表示 进入... 之中，包围,"vt.提高,增强;v.提高"
473,enlarge,en 表示 使..... 进入状态,"v.扩大,放大"
474,enlighten,e 表示 出，出来,"vt.启发,启蒙,教导,授予...知识,开导,<古>照耀"
475,enquire,en 表示 进入... 之中，包围,v.询问
476,enquiry,en 表示 使..... 进入状态,n.询问
477,enrich,e 表示 出，出来,"vt.使富足,使肥沃,装饰,加料于,浓缩"
478,ensue,en 表示 进入... 之中，包围,"vi.跟着发生,继起;vt.(基督教《圣经》用语)追求"
479,ensure,en 表示 使..... 进入状态,"vt.保证,担保,使安全,保证得到;v.确保,确保,保证"
480,entail,e 表示 出，出来,"vt.使必需,使蒙受,使承担,遗传给;n.[建]限定继承权"
481,entertainment,en 表示 进入... 之中，包围,"n.款待,娱乐,娱乐表演"
482,enthusiasm,en 表示 使..... 进入状态,"n.狂热,热心,积极性,激发热情的事物"
483,enthusiastic,e 表示 出，出来,"adj.热心的,热情的"
484,entitle,en 表示 进入... 之中，包围,"vt.给...权利(或资格),给...题名,给...称号;v.授权,授权"
485,entity,en 表示 使..... 进入状态,n.实体
486,entrepreneur,e 表示 出，出来,"n.<法>企业家,主办人"
487,environment,en 表示 进入... 之中，包围,"n.环境,外界"
488,envisage,en 表示 使..... 进入状态,v.正视
489,envy,e 表示 出，出来,"n.&vt.羡慕,嫉妒"
490,epoch,e 表示 出，出来,"n.新纪元,时代,时期,时间上的一点,[地质]世"
491,equation,e 表示 出，出来,"n.相等,平衡,综合体,因素,方程式,等式"
492,equip,e 表示 出，出来,"vt.装备,配备,训练,准备行装"
493,era,e 表示 出，出来,"n.时代,纪元,时期,[地]代"
494,erosion,e 表示 出，出来,"n.腐蚀,侵蚀"
495,error,e 表示 出，出来,"n.错误,过失,误差"
496,escort,e 表示 出，出来,"n.护卫(队),护送,陪同(人员),护卫队;v.护卫,护送,陪同"
497,essence,e 表示 出，出来,"n.基本,[哲]本质,香精"
498,establish,e 表示 出，出来,"vt.建立,设立,安置,使定居,使人民接受,确定;v.建立"
499,estate,e 表示 出，出来,"n.状态,不动产,时期,阶层,财产"
500,estimate,e 表示 出，出来,"v.&n.估计,估价,评估"
501,ethnic,e 表示 出，出来,"adj.人种的,种族的,异教徒的"
502,eve,e 表示 出，出来,"n.[诗]黄昏,前夕,前日"
503,evidence,e 表示 出，出来,"n.明显,显著,明白,迹象,根据,[物]证据,证物"
504,evidently,e 表示 出，出来,"adv.明显地,显然"
505,evoke,e 表示 出，出来,"vt.唤起,引起,博得"
506,evolve,e 表示 出，出来,"v.(使)发展,(使)进展,(使)进化"
507,exaggerate,ex 表示 出，出去,"v.夸大,夸张"
508,exceed,ex 表示 前面的，前任的,"vt.超越,胜过;vi.超过其他"
509,exceedingly,e 表示 出，出来,"adv.非常地,极度地"
510,exceptional,ex 表示 出，出去,"adj.例外的,异常的"
511,excess,ex 表示 前面的，前任的,"n.过度,剩于,无节制,超过,超额;adj.过度的,额外的"
512,excessive,e 表示 出，出来,"adj.过多的,过分的,额外"
513,excitement,ex 表示 出，出去,"n.刺激,兴奋,激动,搔动"
514,exclaim,ex 表示 前面的，前任的,"v.呼喊,惊叫,大声叫"
515,exclude,e 表示 出，出来,"vt.拒绝接纳,把...排除在外,排斥"
516,excursion,ex 表示 出，出去,"n.远足,游览,短程旅行,远足队,离题,[物]偏移,漂移"
517,execute,ex 表示 前面的，前任的,"vt.执行,实行,完成,处死,制成,[律]经签名盖章等手续使(证书)生效"
518,execution,e 表示 出，出来,"n.实行,完成,执行,死刑,制作,(武器等的)破坏效果,杀伤力"
519,exemplify,ex 表示 出，出去,"vt.例证,例示,作为...例子"
520,exempt,ex 表示 前面的，前任的,v.免除;adj.被免除的
521,exert,e 表示 出，出来,"vt.尽(力),施加(压力等),努力;v.发挥,竭尽全力,尽"
522,exhibit,ex 表示 出，出去,"vt.展出,陈列;n.展览品,陈列品,展品;v.展示"
523,exile,ex 表示 前面的，前任的,"n.放逐,充军,流放,流犯,被放逐者;vt.放逐,流放,使背井离乡"
524,existence,e 表示 出，出来,"n.存在,实在,生活,存在物,实在物"
525,expand,ex 表示 出，出去,"vt.使膨胀,详述,扩张;vi.张开,发展"
526,expansion,ex 表示 前面的，前任的,"n.扩充,开展,膨胀,扩张物,辽阔,浩瀚"
527,expectation,e 表示 出，出来,"n.期待,预料,指望,展望,[数]期望(值)"
528,expel,ex 表示 出，出去,"v.驱逐,开除,排出,发射"
529,expend,ex 表示 前面的，前任的,"vt.花费,消耗,支出,[海]把(暂时不用的绳)绕在杆上"
530,expenditure,e 表示 出，出来,"n.支出,花费"
531,experimental,ex 表示 出，出去,"adj.实验的,根据实验的"
532,expert,ex 表示 前面的，前任的,"n.专家,行家,[军](特等)射手;adj.老练的,内行的,专门的;vt.在...中当行家,当专家"
533,expertise,e 表示 出，出来,"n.专家的意见,专门技术"
534,explicit,ex 表示 出，出去,"adj.外在的,清楚的,直率的,(租金等)直接付款的"
535,explode,ex 表示 前面的，前任的,"vt.使爆炸;vi.爆炸,爆发,破除,推翻,激发"
536,exploit,e 表示 出，出来,"vt.开拓,开发,开采,剥削,用以自肥;v.使用"
537,explosion,ex 表示 出，出去,"n.爆发,发出,爆炸,[矿]煤气爆炸"
538,explosive,ex 表示 前面的，前任的,"adj.爆炸(性)的,爆发(性)的,暴露;n.爆炸物,炸药"
539,export,e 表示 出，出来,"vt.输出;n.出口货,输出,出口,出口商品;v.出口"
540,exposition,ex 表示 出，出去,"n.博览会,展览会,说明,曝露,[戏]展示部分,[音]呈示部"
541,exposure,ex 表示 前面的，前任的,"n.暴露,揭露,暴光,揭发,揭露,位向,方向,陈列"
542,expression,e 表示 出，出来,"n.表达,表情,脸色,声调,腔调,榨出,语法,措辞;n.[数]式,表达式,符号"
543,extend,ex 表示 出，出去,"v.扩充,延伸,伸展,扩大[军]使疏开,给予,提供,演化出的全文,<英>[律]对(地产等)估价"
544,extension,ex 表示 前面的，前任的,"n.延长,扩充,范围;n.扩展名;adj.[逻]外延的,客观现实的"
545,extensive,e 表示 出，出来,"adj.广大的,广阔的,广泛的"
546,exterior,ex 表示 出，出去,"adj.外部的,外在的,表面的,外交的,[建](适合)外用的;n.外部,表面,外型"
547,external,ex 表示 前面的，前任的,"adj.外部的,客观的,[医]外用的,外国的,表面的;n.外部,外面"
548,extinct,e 表示 出，出来,"adj.熄灭的,灭绝的,耗尽的;vt.<古>使熄灭"
549,extra,extra 表示 以外的，超过的,"adj.额外的,不包括在价目内的,特大的,特佳的;adv.特别地,非常,另外;n.额外人(或物),(报纸)号外,上等品,(电影)临时演员"
550,extract,ex 表示 出，出去,"n.精,汁,榨出物,摘录,选粹;vt.拔出,榨取,开方,求根,摘录,析取,吸取"
551,extraordinary,ex 表示 前面的，前任的,"adj.非常的,特别的,非凡的,特派的"
552,extravagant,e 表示 出，出来,"adj.奢侈的,浪费的,过分的,放纵的"
553,eyesight,e 表示 出，出来,"n.视力,目力"
554,forecast,fore 表示 前面，预先,"n.先见,预见,预测,预报;vt.预想,预测,预报,预兆"
555,foremost,fore 表示 前面，预先,"adj.(位置或时间)最先的,最初的,最重要的;adv.首要地,首先"
556,hemisphere,hemi 表示 半,n.半球
557,homogeneous,homo 表示 同类的,"adj.同类的,相似的,均一的,均匀的"
558,hypothesis,hypo 表示 下面，次等,n.假设
559,illegal,il 辅音重复表示 不，无,"adj.违法的,不合规定的"
560,illuminate,il 表示 使.....成为，进入,"vt.照明,照亮,阐明,说明,使灿烂,以灯火装饰(街道等);vi.照亮"
561,illustrate,il 辅音重复表示 不，无,"vt.举例说明,图解,加插图于,阐明;vi.举例"
562,illustration,il 表示 使.....成为，进入,"n.说明,例证,例子,图表,插图,图解"
563,image,im 表示 不，无，非,"n.图象,肖像,偶像,形象化的比喻,极为相象,映像,典型;vt.想象,作...的像,反映,象征"
564,imagination,im 表示 向内，进入,"n.想象,空想,想象的事物,想象力,听觉"
565,imaginative,im 表示 不，无，非,"adj.想象的,虚构的"
566,imitation,im 表示 向内，进入,"n.模仿,效法,冒充,赝品,仿造物"
567,immediately,im 表示 不，无，非,"adv.立即,马上,直接地"
568,immerse,im 表示 向内，进入,"vt.沉浸,使陷入"
569,immigrant,im 表示 不，无，非,"adj.(从外国)移来的,移民的,移居的;n.移民,侨民"
570,impact,im 表示 向内，进入,"n.碰撞,冲击,冲突,影响,效果;vt.挤入,撞击,压紧,对...发生影响"
571,impair,im 表示 不，无，非,v.削弱
572,impatient,im 表示 向内，进入,"adj.不耐烦的,急躁的,不耐心的"
573,imperative,im 表示 不，无，非,"n.命令,诫命,需要,规则,祈使语气;adj.命令的,强制的,紧急的,必要的,势在必行的,[语法]祈使的"
574,impetus,im 表示 向内，进入,"n.推动力,促进"
575,implement,im 表示 不，无，非,"n.工具,器具;vt.贯彻,实现;v.执行"
576,implicit,im 表示 向内，进入,"adj.暗示的,盲从的,含蓄的,固有的,不怀疑的,绝对的"
577,imply,im 表示 不，无，非,"vt.暗示,意味"
578,impose,im 表示 向内，进入,"vt.征税,强加,以...欺骗;vi.利用,欺骗,施影响"
579,impress,im 表示 不，无，非,"vt.印,盖印,留下印象"
580,impressive,im 表示 向内，进入,"adj.给人深刻印象的,感人的"
581,improve,im 表示 不，无，非,"v.改善,改进"
582,impulse,im 表示 向内，进入,"n.推动,刺激,冲动,推动力;vt.推动"
583,incentive,in 表示 向内，进入,n.动机;adj.激励的
584,incidence,in 表示 不，无，非,"n.落下的方式,影响范围,[物理]入射"
585,incidentally,in 表示 向内，进入,"adv.附带地,顺便提及"
586,incline,in 表示 不，无，非,"n.倾斜,斜坡,斜面;vt.使倾向于,使倾斜;vi.倾向,倾斜"
587,inclusive,in 表示 向内，进入,"adj.包含的,包括的"
588,incorporate,in 表示 不，无，非,"adj.合并的,结社的,一体化的;vt.合并,使组成公司,具体表现;vi.合并,混合,组成公司;vt.[律]结社,成为法人组织"
589,incredible,in 表示 向内，进入,adj.<口>难以置信的
590,incur,in 表示 不，无，非,v.招致
591,independence,in 表示 向内，进入,"n.独立,自主"
592,independent,in 表示 不，无，非,"n.中立派,无党派者;adj.独立自主的,不受约束的"
593,indicate,in 表示 向内，进入,"vt.指出,显示,象征,预示,需要,简要地说明"
594,indication,in 表示 不，无，非,"n.指出,指示,迹象,暗示"
595,indifferent,in 表示 向内，进入,adj.无关紧要的
596,indignant,in 表示 不，无，非,"adj.愤怒的,愤慨的"
597,indirect,in 表示 向内，进入,"adj.间接的,迂回的"
598,indispensable,in 表示 不，无，非,"n.不可缺少之物;adj.不可缺少的,绝对必要的"
599,indoor,in 表示 向内，进入,"adj.户内的,室内的"
600,induce,in 表示 不，无，非,"vt.劝诱,促使,导致,引起,感应"
601,industrial,in 表示 向内，进入,"adj.工业的,产业的,实业的,从事工业的;n.工业工人,[商]工业股票"
602,industrialize,in 表示 不，无，非,vt.使工业化;vi.工业化
603,inevitable,in 表示 向内，进入,"adj.不可避免的,必然的"
604,infant,in 表示 不，无，非,"n.婴儿,幼儿;adj.婴儿的,幼稚的"
605,infectious,in 表示 向内，进入,"adj.有传染性的,易传染的,有感染力的"
606,infer,in 表示 不，无，非,v.推断
607,inferior,in 表示 向内，进入,"adj.下等的,下级的,差的,次的,自卑的,劣等的"
608,infinite,in 表示 不，无，非,"n.无限的东西(如空间、时间),[数]无穷大;adj.无穷的,无限的,无数的,极大的"
609,inflict,in 表示 向内，进入,v.造成
610,influence,in 表示 不，无，非,"n.影响,感化,势力,有影响的人(或事),(电磁)感应;vt.影响,改变"
611,inform,in 表示 向内，进入,"v.(～of/about)通知,告诉,获悉,告知"
612,ingenious,in 表示 不，无，非,"adj.机灵的,有独创性的,精制的,具有创造才能"
613,inhabit,in 表示 向内，进入,"vt.居住于,存在于,占据,栖息"
614,inhabitant,in 表示 不，无，非,"n.居民,居住者"
615,inherit,in 表示 向内，进入,"vt.继承,遗传而得"
616,inhibit,in 表示 不，无，非,"抑制,约束,[化][医]抑制"
617,initiate,in 表示 向内，进入,"vt.开始,发动,传授;v.开始,发起"
618,initiative,in 表示 不，无，非,n.主动
619,injection,in 表示 向内，进入,"n.注射,注射剂,(毛细血管等的)充血,(人造卫星,宇宙飞船等的)射入轨道"
620,injure,in 表示 不，无，非,"vt.损害,伤害;v.伤害"
621,inland,in 表示 向内，进入,"adj.内陆的,国内的;adv.在内地,向内地;n.内地"
622,inlet,in 表示 不，无，非,"n.进口,入口,水湾,小港,插入物"
623,inner,in 表示 向内，进入,"adj.内部的,里面的,内心的;n.内部"
624,innocent,in 表示 不，无，非,"adj.(～of)清白的,无罪的,天真的,无知的"
625,innumerable,in 表示 向内，进入,"adj.无数的,数不清的"
626,input,in 表示 不，无，非,n.输入;v.输入
627,inquiry,in 表示 向内，进入,"n.质询,调查"
628,insane,in 表示 不，无，非,"adj.患精神病的,精神病患者的,极愚蠢的"
629,insert,in 表示 向内，进入,"vt.插入,嵌入;n.插入物"
630,insight,in 表示 不，无，非,"n.洞察力,见识"
631,inspect,in 表示 向内，进入,"vt.检查,视察;"
632,inspiration,in 表示 不，无，非,n.灵感
633,install,in 表示 向内，进入,"vt.安装,安置,使就职"
634,installation,in 表示 不，无，非,"n.[计]安装,装置,就职"
635,instance,in 表示 向内，进入,"n.实例,建议,要求,情况,场合;vt.举...为例,获得例证"
636,instant,in 表示 不，无，非,"adj.立即的,直接的,紧迫的,刻不容缓的,(食品)速溶的,方便的,即时的"
637,instead,in 表示 向内，进入,"adv.代替,改为,抵作,更换"
638,instinct,in 表示 不，无，非,n.本能
639,institution,in 表示 向内，进入,"n.公共机构,协会,制度"
640,instruct,in 表示 不，无，非,"vt.教,教导,命令,指示,通知"
641,instrument,in 表示 向内，进入,"n.工具,手段,器械,器具,手段"
642,instrumental,in 表示 不，无，非,"adj.仪器的,器械的,乐器的"
643,insult,in 表示 向内，进入,"n.侮辱,凌辱;vt.侮辱,凌辱"
644,insurance,in 表示 不，无，非,"n.保险,保险单,保险业,保险费"
645,intact,in 表示 向内，进入,"adj.完整无缺的,尚未被人碰过的,(女子)保持童贞的,(家畜)未经阉割的"
646,integral,in 表示 不，无，非,"adj.完整的,整体的,[数学]积分的,构成整体所需要的;n.[数学]积分,完整,部分"
647,integrity,in 表示 向内，进入,"n.正直,诚实,完整,完全,完整性"
648,intellect,in 表示 不，无，非,n.智力
649,intelligence,in 表示 向内，进入,"n.智力,聪明,智能"
650,intelligent,in 表示 不，无，非,"adj.聪明的,伶俐的,有才智的,[计]智能的"
651,intend,in 表示 向内，进入,"vt.想要,打算,意指,意谓"
652,intense,in 表示 不，无，非,"adj.强烈的,剧烈的,热切的,热情的,激烈的"
653,intensity,in 表示 向内，进入,"n.强烈,剧烈,强度,亮度"
654,intensive,in 表示 不，无，非,"adj.强烈的,精深的,透彻的,[语法]加强语气的;n.加强器"
655,intention,in 表示 向内，进入,"n.意图,目的"
656,interact,in 表示 不，无，非,"vi.互相作用,互相影响"
657,intercourse,inter 表示 在..... 之间，相互,"n.交往,交流"
658,interest,in 表示 向内，进入,"n.兴趣,关心,重要性,影响,利息,利益,利害;vt.使发生兴趣,引起...的注意"
659,interfere,in 表示 不，无，非,"vi.干涉,干预,妨碍,打扰"
660,interim,inter 表示 在..... 之间，相互,"adj.中间的,临时的,间歇的;n.中间时期,过渡时期,暂定"
661,interior,in 表示 向内，进入,"adj.内部的,内的;n.内部"
662,intermediate,in 表示 不，无，非,adj.中间的;n.媒介
663,internal,inter 表示 在..... 之间，相互,"adj.内在的,国内的"
664,interpret,in 表示 向内，进入,"v.解释,说明,口译,通译,认为是...的意思"
665,interpretation,in 表示 不，无，非,"n.解释,阐明,口译,通译"
666,intersection,inter 表示 在..... 之间，相互,"n.[数]交集,十字路口,交叉点"
667,interval,in 表示 向内，进入,"n.间隔,距离,幕间休息;n.时间间隔"
668,intervene,in 表示 不，无，非,"vi.干涉,干预,插入,介入,(指时间)介于其间;v.干涉"
669,intimate,in 表示 向内，进入,"adj.亲密的,隐私的;vt.宣布,明白表示;n.熟友"
670,intimidate,in 表示 不，无，非,v.胁迫
671,intrigue,in 表示 向内，进入,"n.阴谋,诡计;vi.密谋,私通;vt.激起...的兴趣,用诡计取得"
672,intrinsic,in 表示 不，无，非,"adj.(指价值、性质)固有的,内在的,本质的"
673,intuition,in 表示 向内，进入,"n.直觉,直觉的知识"
674,invade,in 表示 不，无，非,"vt.侵略,侵袭,拥挤"
675,invaluable,in 表示 向内，进入,"adj.无价的,价值无法衡量的"
676,invariably,in 表示 不，无，非,"adv.不变地,总是;n.总是"
677,invent,in 表示 向内，进入,"vt.发明,创造;v.发明"
678,invention,in 表示 不，无，非,"n.发明,创造"
679,invert,in 表示 向内，进入,"adj.转化的;vt.使颠倒,使转化;n.颠倒的事物"
680,invest,in 表示 不，无，非,"v.投(资),购买(有用之物)～,授予,投资"
681,investment,in 表示 向内，进入,"n.投资,可获利的东西"
682,invisible,in 表示 不，无，非,"adj.看不见的,无形的"
683,involve,in 表示 向内，进入,"vt.包括,笼罩,潜心于,使陷于"
684,inward,in 表示 不，无，非,"adv.向内,在内;adj.向内的,内在的"
685,irony,ir 表示 使.....成为，进入,"n.反话,讽刺,讽刺之事"
686,irrigation,ir 辅音重复表示 不，无,"n.灌溉,冲洗"
687,irritate,ir 表示 使.....成为，进入,"vt.激怒,使急躁;v.刺激"
688,isolate,"iso 表示 等, 同","vt.使隔离,使孤立,使绝缘,离析;n.隔离种群"
689,male,mal male 表示 坏，恶,"adj.男的,雄的,男性"
690,metallic,"meta 表示 超过, 改变",adj.金属(性)的
691,microphone,micro 表示 微，小,"n.扩音器,麦克风"
692,millimetre,milli 表示 千，千分之一,n.毫米
693,miniature,mini 表示 小,"n.缩小的模型,缩图,缩影;adj.微型的,缩小的"
694,minimal,mini 表示 小,"adj.最小的,最小限度的"
695,minimum,mini 表示 小,"adj.最小的,最低的;n.最小值,最小化"
696,ministry,mini 表示 小,n.(政府的)部门
697,miserable,mis 表示 错误，坏,"adj.痛苦的,悲惨的,可怜"
698,misfortune,mis 表示 错误，坏,"n.不幸,灾祸"
699,missile,mis 表示 错误，坏,"n.导弹,发射物"
700,mission,mis 表示 错误，坏,"n.使命,任务,使团,代表团"
701,mist,mis 表示 错误，坏,n.薄雾
702,misunderstand,mis 表示 错误，坏,"vt.误解,误会"
703,monopoly,mono 表示 单个，一个,"n.垄断,垄断者,专利权,专利事业"
704,multiple,multi 表示 多，很多,"adj.多样的,多重的;n.倍数,若干;v.成倍增加"
705,multitude,multi 表示 多，很多,"n.多数,群众"
706,nonetheless,non 表示 不，非,"adv.虽然如此,但是"
707,obedient,ob 表示 逆，倒，加强意义,"adj.服从的,孝顺的"
708,object,ob 表示 逆，倒，加强意义,"n.物体,目标,宾语,对象;vi.反对,拒绝,抗议;vt.提出...来反对"
709,objective,ob 表示 逆，倒，加强意义,"n.目标,目的,(显微镜的)(接)物镜,[语法]宾格;adj.客观的,[语法]宾格的"
710,oblige,ob 表示 逆，倒，加强意义,"vt.迫使,责成"
711,obscure,ob 表示 逆，倒，加强意义,"adj.暗的,朦胧的,模糊的,晦涩的;vt.使暗,使不明显"
712,observe,ob 表示 逆，倒，加强意义,"vt.观察,观测,遵守,评述,说"
713,obstacle,ob 表示 逆，倒，加强意义,"n.障碍,妨害物"
714,obvious,ob 表示 逆，倒，加强意义,"adj.明显的,显而易见的"
715,outbreak,out 示 超过，过度,"n.(战争的)爆发,(疾病的)发作"
716,outcome,out 表示 出去，过时,"n.结果,成果"
717,outfit,out 示 超过，过度,"n.用具,配备,机构,全套装配,;vt.配备,装备;vi.得到装备"
718,outlet,out 表示 出去，过时,"n.出口,出路"
719,outlook,out 示 超过，过度,"n.景色,风光,观点,见解,展望,前景"
720,output,out 表示 出去，过时,"n.产量,输出,输出量"
721,outset,out 示 超过，过度,"n.开端,开始"
722,outside,out 表示 出去，过时,"n.外面,外表,外界;adj.外面的,外表的,外界的;adv.在外面,外表,出界;prep.在...外"
723,outward,out 示 超过，过度,"adj.外面的,外表的,公开的,向外的,外出的;adv.向外,在外,表面上n.外表,周围世界"
724,overall,over 表示 过度，过份,"adj.全部的,全面的"
725,overcome,over 表示 翻转,"vt.战胜,克服,胜过,征服;vi.得胜"
726,overflow,over 表示 在... 之上,"n.溢出,超值,泛滥,充满,洋溢;v.(使)泛滥,(使)溢出,(使)充溢"
727,overhear,over 表示 过度，过份,"vt.无意中听到,偷听"
728,overlook,over 表示 翻转,"vt.俯瞰,耸出,远眺,没注意到;n.眺望,俯瞰中的景色"
729,overnight,over 表示 在... 之上,"n.头天晚上;adj.通宵的,晚上的,前夜的;adv.在前一夜,整夜,昨晚一晚上"
730,overseas,over 表示 过度，过份,"adv.海外;adj.外国的,海外的"
731,overt,over 表示 翻转,"adj.明显的,公然的"
732,overtake,over 表示 在... 之上,"vt.赶上,追上,(暴风雨、麻烦等)突然来袭,压倒"
733,overturn,over 表示 过度，过份,"n.倾覆,破灭,革命;vt.推翻,颠倒;vi.翻倒;n.翻转,毁灭"
734,overwhelm,over 表示 翻转,"vt.淹没,覆没,受打击,制服,压倒"
735,overwhelming,over 表示 在... 之上,"adj.压倒性的,无法抵抗的"
736,panel,pan 表示 广泛的,"n.面板,嵌板,仪表板,座谈小组,全体陪审员;vt.嵌镶板"
737,pants,pan 表示 广泛的,"n.裤子,短裤"
738,parade,para 表示 半，类似，辅助,"n.游行,炫耀,阅兵,检阅,阅兵场;v.游行,炫耀,夸耀,(使)列队行进"
739,paradise,para 表示 旁边,n.天堂
740,paradox,para 表示 降落伞,"n.似非而是的论点,自相矛盾的话"
741,parallel,para 表示 半，类似，辅助,"adj.平行的,相同的,类似的,并联的;n.平行线,平行面,类似,相似物;v.相应,平行"
742,paralyze,para 表示 旁边,"vt.使瘫痪,使麻痹"
743,parameter,para 表示 降落伞,"n.参数,参量,<口>起限定作用的因素"
744,penalty,pen 表示 近似，差不多,"n.处罚,罚款"
745,penetrate,pen 表示 近似，差不多,"vt.穿透,渗透,看穿,洞察;vi.刺入,看穿,渗透,弥漫"
746,peninsula,pen 表示 近似，差不多,n.半岛
747,per,per 表示 贯穿，自始至终,"prep.每,每一,由,经"
748,perceive,per 表示 假，坏,"vt.察觉;v.感知,感到,认识到"
749,perception,per 表示 贯穿，自始至终,"n.理解,感知,感觉,DPS公司出的数字影像压缩卡"
750,perfection,per 表示 假，坏,"n.尽善尽美,完美,完成"
751,performance,per 表示 贯穿，自始至终,"n.履行,执行,成绩,性能,表演,演奏"
752,perfume,per 表示 假，坏,"n.香味,芳香,香水;vt.使发香,洒香水于,发香味"
753,periodical,peri 表示 周围，靠近,"adj.周期的,定期的;n.期刊,杂志"
754,perish,per 表示 贯穿，自始至终,"vi.毁灭,死亡,腐烂,枯萎;vt.毁坏,使麻木"
755,permanent,per 表示 假，坏,"adj.永久的,持久的"
756,permissible,per 表示 贯穿，自始至终,adj.可允许的
757,permission,per 表示 假，坏,"n.许可,允许"
758,perplex,per 表示 贯穿，自始至终,v.困惑
759,persist,per 表示 假，坏,"vi.坚持,持续"
760,personality,per 表示 贯穿，自始至终,"n.个性,人格,人物,名人,(用复数)诽谤、人身攻击"
761,personnel,per 表示 假，坏,"n.人员,职员"
762,persuasion,per 表示 贯穿，自始至终,"n.说服,说服力"
763,postage,post 表示 在后面,n.邮资
764,postpone,post 表示 邮件，邮政,"vt.推迟,使延期,延迟"
765,preach,pre 表示 ...前的，预先,v.鼓吹
766,precede,pre 表示 ...前的，预先,"v.领先(于),在...之前,先于"
767,preceding,pre 表示 ...前的，预先,"adj.在前的,前述的"
768,precise,pre 表示 ...前的，预先,"adj.精确的,准确的;n.精确"
769,preclude,pre 表示 ...前的，预先,n.排除
770,predict,pre 表示 ...前的，预先,"v.预知,预言,预报"
771,preface,pre 表示 ...前的，预先,"n.序文,绪言,前言;vi.作序,写前言;vt.为...写序言,开始"
772,preference,pre 表示 ...前的，预先,"n.偏爱,优先选择"
773,prejudice,pre 表示 ...前的，预先,"n.偏见,成见,损害,侵害;v.损害"
774,premature,pre 表示 ...前的，预先,"adj.未成熟的,太早的,早熟的"
775,premise,pre 表示 ...前的，预先,"n.[逻][法]前提,(企业,机构等使用的)房屋连地基;vt.提论,预述,假定;vi.作出前提"
776,preparation,pre 表示 ...前的，预先,"n.准备,预备"
777,prescribe,pre 表示 ...前的，预先,"v.指示,规定,处(方),开(药)"
778,presence,pre 表示 ...前的，预先,"n.出席,到场,存在"
779,presently,pre 表示 ...前的，预先,"adv.目前,不久"
780,preside,pre 表示 ...前的，预先,v.主持
781,prestige,pre 表示 ...前的，预先,"n.声望,威望,威信"
782,presume,pre 表示 ...前的，预先,"vt.假定,假设,认为"
783,pretext,pre 表示 ...前的，预先,"n.借口,托辞;v.借口"
784,prevalent,pre 表示 ...前的，预先,"adj.普遍的,流行的"
785,previous,pre 表示 ...前的，预先,"n.事先查看,[计]预览;vt.事先查看,预展,预演"
786,probability,pro 表示 赞同，亲...,"n.可能性,或然性,概率"
787,probable,pro 表示 向前，在前,"adj.很可能的,大概的"
788,probe,pro 表示 很多...,"n.探针,探测器;vt.(以探针等)探查,查明"
789,proceed,pro 表示 赞同，亲...,"vi.进行,继续下去,发生"
790,proceeding,pro 表示 向前，在前,"n.行动,进行,会议录,学报"
791,process,pro 表示 很多...,"n.过程,作用,方法,程序,步骤,进行,推移;vt.加工,处理"
792,proclaim,pro 表示 赞同，亲...,"vt.宣布,声明,显示,显露"
793,product,pro 表示 向前，在前,"n.产品,产物,乘积"
794,productive,pro 表示 很多...,"adj.生产性的,生产的,能产的,多产的"
795,profess,pro 表示 赞同，亲...,v.表示
796,profession,pro 表示 向前，在前,"n.职业,专业,表白,宣布"
797,professional,pro 表示 很多...,"n.自由职业者,专业人员,职业运动员,职业艺人;adj.专业的,职业的"
798,profile,pro 表示 赞同，亲...,"n.剖面,侧面,外形,轮廓"
799,profit,pro 表示 向前，在前,"n.利润,益处,得益;vi.得益,利用;vt.有益于,有利于"
800,profitable,pro 表示 很多...,adj.有利可图的
801,progressive,pro 表示 赞同，亲...,"n.改革论者,进步论者;adj.前进的,(税收)累进的,进步的"
802,prohibit,pro 表示 向前，在前,"vt.禁止,阻止"
803,project,pro 表示 很多...,"n.计划,方案,事业,企业,工程;v.设计,计划,投射,放映,射出,发射(导弹等),凸出"
804,prominent,pro 表示 赞同，亲...,"adj.卓越的,显著的,突出的"
805,promising,pro 表示 向前，在前,"adj.有希望的,有前途的"
806,promote,pro 表示 很多...,"vt.促进,发扬,提升,提拔,晋升为"
807,prone,pro 表示 赞同，亲...,adj.倾向于
808,pronoun,pro 表示 向前，在前,n.代名词
809,proof,pro 表示 很多...,"n.证据,试验,考验,[印刷]校样;adj.不能透入的,证明用的,防...的,有耐力的;vt.检验,校对,使不被穿透"
810,propagate,pro 表示 赞同，亲...,"v.繁殖,传播,宣传"
811,propel,pro 表示 向前，在前,"vt.推进,驱使"
812,property,pro 表示 很多...,"n.财产,所有物,所有权,性质,特性,(小)道具"
813,proportion,pro 表示 赞同，亲...,"n.比例,均衡,面积,部分;vt.使成比例,使均衡,分摊"
814,proportional,pro 表示 向前，在前,"adj.比例的,成比例的,相称的,均衡的"
815,proposal,pro 表示 很多...,"n.提议,建议"
816,proposition,pro 表示 赞同，亲...,"n.主张,建议,陈述,命题"
817,prose,pro 表示 向前，在前,n.散文
818,prosecute,pro 表示 很多...,"vt.实行,从事,告发,起诉;vi.告发,起诉,作检察官"
819,prospective,pro 表示 赞同，亲...,adj.预期的
820,prosperity,pro 表示 向前，在前,n.繁荣
821,prosperous,pro 表示 很多...,adj.繁荣的
822,protective,pro 表示 赞同，亲...,"adj.给予保护的,保护的"
823,protein,pro 表示 向前，在前,n.[生化]蛋白质;adj.蛋白质的
824,protest,pro 表示 很多...,"n.主张,断言,抗议;v.主张,断言抗议,拒付"
825,prove,pro 表示 赞同，亲...,"vt.证明,证实,检验,考验;vi.原来(是),证明(是)"
826,provide,pro 表示 向前，在前,"v.供应,供给,准备,预防,规定"
827,provided,pro 表示 很多...,conj.倘若
828,provision,pro 表示 赞同，亲...,"n.供应,(一批)供应品,预备,防备,规定"
829,provocative,pro 表示 向前，在前,adj.煽动的;n.刺激物
830,provoke,pro 表示 很多...,"vt.激怒,挑拨,煽动,惹起,驱使"
831,react,re 表示 向后，相反,"vi.起反应,起作用,反抗,起反作用"
832,reaction,re 表示 一再，重新,"n.反应,反作用,反动(力)"
833,realistic,re 表示 向后，相反,adj.现实(主义)的
834,reality,re 表示 一再，重新,"n.真实,事实,本体,逼真"
835,reap,re 表示 向后，相反,"v.收割,收获"
836,rear,re 表示 一再，重新,"n.后面,背后,后方,屁股;adj.后面的,背面的,后方的;vt.培养,饲养,举起,树立,栽种;vi.高耸,暴跳,用后腿站起"
837,reassure,re 表示 向后，相反,"vt.使...安心,再保证,使...恢复信心,打消...的疑虑"
838,rebel,re 表示 一再，重新,"n.造反者,叛逆者,反抗者,叛乱者;adj.造反的,叛逆的,反抗的;v.造反,反叛,反抗,叛乱"
839,recall,re 表示 向后，相反,"vt.回忆,回想,记起,取消;n.召回"
840,recede,re 表示 一再，重新,v.后退
841,receiver,re 表示 向后，相反,"n.接受者,接收器,收信机"
842,recently,re 表示 一再，重新,adv.最近
843,recession,re 表示 向后，相反,"n.撤回,退回,退后,工商业之衰退,不景气"
844,recipe,re 表示 一再，重新,n.处方
845,reciprocal,re 表示 向后，相反,"adj.互惠的,相应的,倒数的,彼此相反的;n.倒数,互相起作用的事物"
846,recite,re 表示 一再，重新,"v.背诵,朗读,叙述,[律]书面陈述(事实)"
847,reckon,re 表示 向后，相反,"vt.计算,总计,估计,猜想;vi.数,计算,估计,依赖,料想"
848,reclaim,re 表示 一再，重新,"vt.要求归还,收回,开垦"
849,recognize,re 表示 向后，相反,"vt.认可,承认,公认,赏识;vi.具结"
850,recommend,re 表示 一再，重新,"vt.推荐,介绍,劝告,使受欢迎,托付,使...受欢迎,使...可取"
851,reconcile,re 表示 向后，相反,"vt.使和解,使和谐,使顺从"
852,reconciliation,re 表示 一再，重新,"n.和解,调和,顺从"
853,recover,re 表示 向后，相反,"vt.重新获得,恢复,使改过;vi.痊愈,复原,胜诉;n.DOS命令:从含有损坏磁盘扇区的磁盘上恢复文件"
854,recovery,re 表示 一再，重新,"n.恢复,痊愈,防御"
855,recruit,re 表示 向后，相反,"n.新兵,新分子,新会员;vt.使恢复,补充,征募;vi.征募新兵,复原"
856,rectangular,re 表示 一再，重新,"adj.矩形的,成直角的"
857,recur,re 表示 向后，相反,"vi.复发,重现,再来"
858,recycle,re 表示 一再，重新,"v.使再循环,反复应用;n.再循环,再生,重复利用"
859,redundant,re 表示 向后，相反,adj.多余的
860,reel,re 表示 一再，重新,"n.(棉纱,电线的)卷轴,(磁带等的)一盘,旋转,蹒跚;vt.卷...于轴上,使旋转;vi.蹒跚地走,旋转,眩晕,骚乱,退缩,摇晃"
861,reference,re 表示 向后，相反,"n.提及,涉及,参考,参考书目,证明书(人),介绍信(人)"
862,refine,re 表示 一再，重新,"vt.精炼,精制,使文雅高尚"
863,reflection,re 表示 向后，相反,"n.反射,映象,倒影,反省,沉思,反映"
864,reflexion,re 表示 一再，重新,"n.<主英>（=reflection）反射,反射光"
865,refrain,re 表示 向后，相反,"n.重复,叠句,[乐]副歌;vi.节制,避免,制止"
866,refresh,re 表示 一再，重新,"v.(使)精神振作,(使)精力恢复,更新"
867,refrigerator,re 表示 向后，相反,"n.电冰箱,冷藏库"
868,refuge,re 表示 一再，重新,"n.庇护,避难,避难所"
869,refund,re 表示 向后，相反,"v.退还,偿还;n.归还,偿还额,退款"
870,refusal,re 表示 一再，重新,"n.拒绝,推却,优先取舍权,优先取舍的机会"
871,regarding,re 表示 向后，相反,prep.关于
872,regardless,re 表示 一再，重新,"adj.不管,不顾,不注意"
873,region,re 表示 向后，相反,"n.区域,地方,(世界上某个特定的)地区,(艺术,科学等的)领域,(大气,海水等的)层"
874,register,re 表示 一再，重新,"n.记录,登记簿,登记,注册,寄存器;vt.记录,登记,注册,提示,把...挂号;vi.登记,注册,挂号"
875,regulation,re 表示 向后，相反,"n.规则,规章,调节,校准"
876,rehearsal,re 表示 一再，重新,"n.排演,演习,预演,试演"
877,rein,re 表示 向后，相反,"n.缰绳,统治,支配;vt.以缰绳控制,统治,驾驭;vi.勒住马,止住"
878,reinforce,re 表示 一再，重新,"vt.加强,增援,补充,增加...的数量,修补,加固;vi.求援,得到增援;n.加固物"
879,rejoice,re 表示 向后，相反,"v.(使)欣喜,(使)高兴,喜悦"
880,relate,re 表示 一再，重新,"vt.叙述,讲,使联系,发生关系"
881,relative,re 表示 向后，相反,"n.亲戚,关系词,相关物,亲缘植物;adj.有关系的,相对的,比较而言的"
882,relativity,re 表示 一再，重新,"n.相对性,相关性,[物]相对论"
883,relay,re 表示 向后，相反,"n.驿马,接替,[电工]继电器;vt.(消息,货物等)分程传递,使接替,转播;vi.得到接替,转播"
884,release,re 表示 一再，重新,"n.释放,让渡,豁免,发行的书,释放证书;vt.释放,解放,放弃,让与,免除,发表;n.版本,发布"
885,reliable,re 表示 向后，相反,"adj.可靠的,可信赖的"
886,reliance,re 表示 一再，重新,"n.信任,信心,依靠,依靠的人或物"
887,relieve,re 表示 向后，相反,"vt.减轻,解除,援救,救济,换班"
888,religion,re 表示 一再，重新,"n.宗教,信仰"
889,relish,re 表示 向后，相反,n.意味
890,reluctant,re 表示 一再，重新,"adj.不顾的,勉强的,难得到的,难处理的"
891,remain,re 表示 向后，相反,"vi.保持,逗留,剩余,残存"
892,remainder,re 表示 一再，重新,"n.残余,剩余物,其他的人,[数]余数;v.廉价出售;adj.剩余的,出售剩书的"
893,remarkable,re 表示 向后，相反,"adj.不平常的,非凡的,值得注意的,显著的"
894,remedy,re 表示 一再，重新,"n.药物,治疗法,补救,赔偿;vt.治疗,补救,矫正,修缮,修补"
895,remnant,re 表示 向后，相反,"n.残余,剩余,零料,残迹;adj.剩余的,残留的"
896,remote,re 表示 一再，重新,"adj.遥远的,偏僻的,细微的"
897,renaissance,re 表示 向后，相反,"n.复兴,复活,新生,文艺复兴,文艺复兴时期"
898,render,re 表示 一再，重新,"vt.呈递,归还,着色,汇报,致使,放弃,表演,实施;vi.给予补偿;n.交纳,粉刷,打底"
899,rent,re 表示 向后，相反,"v.租,租借,出租;n.租金"
900,repay,re 表示 一再，重新,"v.偿还,报答,报复"
901,repel,re 表示 向后，相反,"vt.击退,抵制,使厌恶,使不愉快"
902,repertoire,re 表示 一再，重新,"n.(准备好演出的)节目,保留剧目,(计算机的)指令表,指令系统,<美>(某个人的)全部技能"
903,replace,re 表示 向后，相反,"vt.取代,替换,代替,把...放回原处"
904,replacement,re 表示 一再，重新,"n.归还,复位,交换,代替者,补充兵员,置换,移位"
905,represent,re 表示 向后，相反,"vt.表现,描绘,声称,象征,扮演,回忆,再赠送,再上演;vi.提出异议"
906,representative,re 表示 一再，重新,"n.代表;adj.典型的,有代表性的"
907,reproach,re 表示 向后，相反,v.责备
908,reproduce,re 表示 一再，重新,"v.繁殖,再生,复制,使...在脑海中重现"
909,reputation,re 表示 向后，相反,"n.名誉,名声"
910,require,re 表示 一再，重新,"vt.需要,要求,命令"
911,rescue,re 表示 向后，相反,"vt.援救,营救;n.援救,营救"
912,resemblance,re 表示 一再，重新,n.类同之处
913,resent,re 表示 向后，相反,"v.愤恨,怨恨"
914,reservation,re 表示 一再，重新,"n.保留,(旅馆房间等)预定,预约"
915,reservior,re 表示 向后，相反,"n.贮水池,贮藏处,贮备"
916,reside,re 表示 一再，重新,vi.居住
917,resident,re 表示 向后，相反,"n.居民;adj.居住的,常驻的"
918,residential,re 表示 一再，重新,"adj.住宅的,与居住有关的"
919,resist,re 表示 向后，相反,"vt.抵抗,反抗,抗,忍得住"
920,resistance,re 表示 一再，重新,"n.反抗,抵抗,抵抗力,阻力,电阻,阻抗"
921,resolution,re 表示 向后，相反,"n.坚定,决心,决定,决议"
922,resolve,re 表示 一再，重新,"n.决心;v.决心,决定,决心要,(使)分解,溶解,解决;vt.解决"
923,resource,re 表示 向后，相反,"n.资源,财力,办法,智谋"
924,respect,re 表示 一再，重新,"n.尊敬,敬重,注意,考虑,尊重,关系,有关,敬意;vt.尊敬,尊重,不防碍"
925,respectively,re 表示 向后，相反,"adv.分别地,各个地"
926,respond,re 表示 一再，重新,"v.回答,响应,作出反应;vi.有反应"
927,responsibility,re 表示 向后，相反,"n.责任,职责"
928,responsible,re 表示 一再，重新,"adj.有责任的,可靠的,可依赖的,负责的"
929,restore,re 表示 向后，相反,"vt.恢复,使回复,归还,交还,修复,重建"
930,restrain,re 表示 一再，重新,"vt.抑制,制止"
931,restrict,re 表示 向后，相反,"vt.限制,约束,限定"
932,result,re 表示 一再，重新,"n.结果,成效,计算结果;vi.起因,由于,以...为结果,导致"
933,resume,re 表示 向后，相反,"n.摘要,概略,<美>履历;vt.再继续,重新开始,重新占用,再用,恢复"
934,retain,re 表示 一再，重新,"vt.保持,保留"
935,retire,re 表示 向后，相反,"vi.退休,引退,退却,撤退,就寝"
936,retort,re 表示 一再，重新,"v.反驳,反击,回报;n.曲颈甑,曲颈瓶,蒸器"
937,retrieve,re 表示 向后，相反,v.重新得到;n.找回
938,retrospect,re 表示 一再，重新,n.回顾
939,reveal,re 表示 向后，相反,"vt.展现,显示,揭示,暴露"
940,revelation,re 表示 一再，重新,"n.显示,揭露,被揭露的事,新发现,启示,揭示"
941,revenue,re 表示 向后，相反,"n.收入,国家的收入,税收"
942,reverse,re 表示 一再，重新,"n.相反,背面,反面,倒退;adj.相反的,倒转的,颠倒的;vt.颠倒,倒转"
943,revive,re 表示 向后，相反,"v.(使)苏醒,(使)复兴,(使)复活,(使)再生效,回想"
944,revolt,re 表示 一再，重新,"v.反抗,起义,反叛,反感,厌恶"
945,revolve,re 表示 向后，相反,"v.(使)旋转,考虑,循环出现"
946,reward,re 表示 一再，重新,"n.报酬,奖金;vt.酬劳,奖赏"
947,seal,se 表示 分开，离开，区别开,"n.封铅,封条,印,图章,密封;vt.封,密封;n.海豹,海豹毛皮"
948,secondary,se 表示 分开，离开，区别开,"adj.次要的,二级的,中级的,第二的"
949,sector,se 表示 分开，离开，区别开,"n.部分,部门,[计]扇区,地区,象限,扇形;v.使分成部分,把...分成扇形"
950,security,se 表示 分开，离开，区别开,n.安全
951,segment,se 表示 分开，离开，区别开,"n.段,节,片断;v.分割"
952,select,se 表示 分开，离开，区别开,"vt.选择,挑选;adj.精选的"
953,selfish,se 表示 分开，离开，区别开,adj.自私的
954,semiconductor,semi 表示 半,n.[物]半导体
955,seminar,se 表示 分开，离开，区别开,"n.研究会,讨论发表会"
956,senator,se 表示 分开，离开，区别开,"n.参议员,(大学的)评议员,(古罗马的)元老院议员"
957,sensation,se 表示 分开，离开，区别开,"n.感觉,感情,感动,耸人听闻的"
958,sensitive,se 表示 分开，离开，区别开,"adj.敏感的,灵敏的,感光的"
959,sequence,se 表示 分开，离开，区别开,"n.次序,顺序,序列"
960,serial,se 表示 分开，离开，区别开,adj.连续的
961,session,se 表示 分开，离开，区别开,"n.会议,开庭"
962,setting,se 表示 分开，离开，区别开,"n.安置,安装,(太阳)落山,(固定东西的)框架,底座"
963,settlement,se 表示 分开，离开，区别开,"n.沉降,解决,结算,殖民,殖民地"
964,sew,se 表示 分开，离开，区别开,"v.缝制,缝纫,缝合"
965,stereo,stereo 表示 立体,"n.立体声系统,立体声,[印]铅版,立体照片;adj.立体的,立体感觉的"
966,subject,sub 表示 在下面，次一等，副手,"n.题目,主题,科目,学科,国民,[语法]主语;adj.受他国统治的,未独立的,受制于...的,受...影响的,以...为条件的;vt.使屈从于...,使隶属"
967,subjective,sub 表示 接近，靠近,"adj.主观的,个人的"
968,submerge,sub 表示 在下面，次一等，副手,"v.浸没,淹没,掩没;vi.潜水"
969,submit,sub 表示 接近，靠近,"v.(使)服从,(使)顺从;vt.提交,递交"
970,subscribe,sub 表示 在下面，次一等，副手,"v.捐款,订阅,签署(文件),赞成,预订"
971,subsequent,sub 表示 接近，靠近,"adj.后来的,并发的"
972,subsidy,sub 表示 在下面，次一等，副手,"n.补助金,津贴"
973,substance,sub 表示 接近，靠近,"n.物质,实质,主旨"
974,substitute,sub 表示 在下面，次一等，副手,"n.代用品,代替者,替代品;v.代替,替换,替代"
975,subtle,sub 表示 接近，靠近,"adj.狡猾的,敏感的,微妙的,精细的,稀薄的"
976,suburb,sub 表示 在下面，次一等，副手,"n.市郊,郊区"
977,subway,sub 表示 接近，靠近,"n.地道,<美>地铁"
978,succession,suc 等辅音重复表示 在...下面,"n.连续,继承,继任,演替,[农业]轮栽,连续性"
979,successor,suc 等辅音重复表示 在...下面,"n.继承者,接任者,后续的事物"
980,suffer,suf 等辅音重复表示 在...下面,"vt.遭受,经历,忍受;vi.受痛苦,受损害"
981,sufficient,suf 等辅音重复表示 在...下面,"adj.充分的,足够的"
982,superb,super 表示 在...上面,"adj.庄重的,堂堂的,华丽的,极好的"
983,superficial,super 表示 超级，超过，过度,"adj.表面的,肤浅的,浅薄的"
984,superintendent,sup 等辅音重复表示 在...下面,"n.主管,负责人,指挥者,管理者"
985,superiority,super 表示 在...上面,"n.优越,高傲"
986,supersonic,super 表示 超级，超过，过度,"adj.超音波的;n.超声波,超声频"
987,supervise,sup 等辅音重复表示 在...下面,"v.监督,管理,指导"
988,supplementary,sup 等辅音重复表示 在...下面,"n.(supplementaries)增补者,增补物;adj.附助的"
989,support,sup 等辅音重复表示 在...下面,"vt.支撑,扶持,支持,支援,拥护,维持,赡养,忍受;n.支撑,支持,支援,维持,赡养,支持者,支柱"
990,suppress,sup 等辅音重复表示 在...下面,"vt.镇压,抑制,查禁,使止住"
991,surge,sur 等辅音重复表示 在...下面,"n.巨涌,汹涌,澎湃;vi.汹涌,澎湃,振荡,滑脱,放松;vt.使汹涌奔腾,急放"
992,surgeon,sur 辅音不重复表示 超过，在上面,n.外科医生
993,surpass,sur 等辅音重复表示 在...下面,"vt.超越,胜过"
994,surplus,sur 辅音不重复表示 超过，在上面,"n.剩余,过剩,[会计]盈余;adj.过剩的,剩余的;vt.转让,卖掉"
995,surround,sur 等辅音重复表示 在...下面,"vt.包围,环境;v.围绕"
996,surrounding,sur 辅音不重复表示 超过，在上面,"n.围绕物,环境;adj.周围的"
997,survival,sur 等辅音重复表示 在...下面,"n.生存,幸存,残存,幸存者,残存物"
998,survive,sur 辅音不重复表示 超过，在上面,"v.幸免于,幸存,生还"
999,susceptible,sus 表示 在... 下面,"adj.易受影响的,易感动的,容许...的;n.(因缺乏免疫力而)易得病的人"
1000,suspend,sus 表示 在... 下面,"vt.吊,悬挂;v.延缓"
1001,suspicion,sus 表示 在... 下面,"n.猜疑,怀疑"
1002,sustain,sus 表示 在... 下面,"vt.支撑,撑住,维持,持续"
1003,symbol,sym 表示 共同，相同,"n.符号,记号,象征"
1004,sympathetic,sym 表示 共同，相同,"adj.有同情心的,合意的,赞成的;n.[解]交感神经,容易感受的人"
1005,sympathy,sym 表示 共同，相同,"n.同情,同情心"
1006,symposium,sym 表示 共同，相同,"n.讨论会,座谈会"
1007,syndrome,syn 表示 共同，相同,n.综合病症
1008,synthetic,syn 表示 共同，相同,"adj.合成的,人造的,综合的"
1009,transaction,trans 表示 横过，越过,"n.办理,处理,会报,学报,交易,事务,处理事务"
1010,transcend,trans 表示 变换，改变'；转移,"vt.超越,胜过"
1011,transform,trans 表示 横过，越过,"vt.转换,改变,改造,使...变形;vi.改变,转化,变换;n.[数]变换(式),[语]转换"
1012,transient,trans 表示 变换，改变'；转移,"adj.短暂的,瞬时的;n.瞬时现象"
1013,transit,trans 表示 横过，越过,"n.经过,通行,搬运,运输,运输线,转变;vt.横越,通过,经过;vi.通过;n.[天]中天,经纬仪"
1014,transition,trans 表示 变换，改变'；转移,"n.转变,转换,跃迁,过渡,变调"
1015,transmission,trans 表示 横过，越过,"n.播送,发射,传动,传送,传输,转播"
1016,transmit,trans 表示 变换，改变'；转移,"vt.传输,转送,传达,传导,发射,遗传,传播;vi.发射信号,发报"
1017,transplant,trans 表示 横过，越过,"v.移植,移种,移民,迁移;n.移植,被移植物,移居者"
1018,transport,trans 表示 变换，改变'；转移,"n.传送器,运输,运输机,激动,流放犯,狂喜;vt.传送,运输,流放,放逐"
1019,trial,tri 表示 三,"n.试验,考验,审讯,审判"
1020,tribe,tri 表示 三,"n.部落,部族"
1021,trifle,tri 表示 三,"n.琐事,少量,蛋糕,小事;v.开玩笑,玩弄,闭混,浪费,嘲弄"
1022,trim,tri 表示 三,"adj.整齐的,整洁的;vt.整理,修整,装饰"
1023,triumph,tri 表示 三,"n.胜利,成功;v.获得胜利"
1024,twist,twi 表示 二、两,"n.一扭,扭曲,盘旋,曲折,歪曲,手法,螺旋状;vt.拧,扭曲,绞,搓,捻,使苦恼,使转动,编织;vi.扭弯,扭曲,缠绕,扭动,呈螺旋形"
1025,ultraviolet,ultra 表示 极端,"adj.紫外线的,紫外的;n.紫外线辐射"
1026,unanimous,un 表示 不，无，非，没有,"adj.意见一致的,无异议的"
1027,uncover,un 表示 打开，解开，弄出,"vt.揭开,揭露;v.揭示"
1028,undergo,under 表示 在...下，在...之内,"vt.经历,遭受,忍受"
1029,undergraduate,under 表示 不足，不够,"n.大学肄业生,(尚未取得学位的)大学生;adj.大学生的"
1030,underground,under 表示 副手 ,"adj.地下的,地面下的,秘密的;n.[英]地铁;adv.在地下,秘密地"
1031,underline,un 表示 不，无，非，没有,"vt.在...下面划线,作...的衬里,加下划线,强调;n.下划线"
1032,underlying,un 表示 打开，解开，弄出,"adj.在下面的,根本的,潜在的,[商]优先的"
1033,underneath,under 表示 在...下，在...之内,adv.在下面;prep.在...的下面
1034,understanding,under 表示 不足，不够,"n.谅解,理解"
1035,undertake,under 表示 副手 ,"vt.承担,担任,许诺,保证;v.采取"
1036,undo,un 表示 不，无，非，没有,"vt.解开,松开;v.取消,撤消"
1037,undoubtedly,un 表示 打开，解开，弄出,"adv.无庸置疑地,的确地"
1038,unemployment,un 表示 不，无，非，没有,"n.失业,失业人数"
1039,unexpected,un 表示 打开，解开，弄出,"adj.想不到的,意外的,未预料到"
1040,unfortunately,un 表示 不，无，非，没有,adv.不幸地
1041,unify,un 表示 打开，解开，弄出,"vt.统一,使成一体"
1042,unique,uni 表示 一个、单一,"adj.唯一的,独特的"
1043,unite,un 表示 不，无，非，没有,"v.联合,团结"
1044,unity,un 表示 打开，解开，弄出,"n.团结,联合,统一,一致"
1045,universe,uni 表示 一个、单一,"n.宇宙,世界,万物,领域"
1046,unless,un 表示 不，无，非，没有,"conj.如果不,除非"
1047,unlike,un 表示 打开，解开，弄出,"adj.不同的,不相似的;prep.不象...,和...不同"
1048,unusual,un 表示 不，无，非，没有,"adj.不平常的,与众不同的,不寻常的"
1049,vice,vice 表示 副,"n.恶习,恶行,坏脾气,罪恶,堕落,老虎钳,缺点,缺陷;vt.钳住;prep.代替"
1050,withdraw,with 表示 向后，相反,"vt.收回,撤消;vi.缩回,退出;v.撤退"
1051,withstand,with 表示 向后，相反,"vt.抵挡,经受住"
